-- phpMyAdmin SQL Dump
-- version 5.1.3
-- https://www.phpmyadmin.net/
--
-- Host: 127.0.0.1
-- Generation Time: Jul 14, 2022 at 09:19 AM
-- Server version: 10.4.24-MariaDB
-- PHP Version: 7.4.29

SET SQL_MODE = "NO_AUTO_VALUE_ON_ZERO";
START TRANSACTION;
SET time_zone = "+00:00";


/*!40101 SET @OLD_CHARACTER_SET_CLIENT=@@CHARACTER_SET_CLIENT */;
/*!40101 SET @OLD_CHARACTER_SET_RESULTS=@@CHARACTER_SET_RESULTS */;
/*!40101 SET @OLD_COLLATION_CONNECTION=@@COLLATION_CONNECTION */;
/*!40101 SET NAMES utf8mb4 */;

--
-- Database: `db_muntaber`
--

-- --------------------------------------------------------

--
-- Table structure for table `blogs`
--

CREATE TABLE `blogs` (
  `id` bigint(20) UNSIGNED NOT NULL,
  `title` varchar(255) COLLATE utf8mb4_unicode_ci NOT NULL,
  `slug` varchar(255) COLLATE utf8mb4_unicode_ci NOT NULL,
  `content` text COLLATE utf8mb4_unicode_ci NOT NULL,
  `image` varchar(255) COLLATE utf8mb4_unicode_ci NOT NULL DEFAULT 'default.png',
  `view` tinyint(3) UNSIGNED DEFAULT NULL,
  `deleted_at` timestamp NULL DEFAULT NULL,
  `created_at` timestamp NULL DEFAULT NULL,
  `updated_at` timestamp NULL DEFAULT NULL,
  `categories_id` bigint(20) UNSIGNED NOT NULL
) ENGINE=InnoDB DEFAULT CHARSET=utf8mb4 COLLATE=utf8mb4_unicode_ci;

--
-- Dumping data for table `blogs`
--

INSERT INTO `blogs` (`id`, `title`, `slug`, `content`, `image`, `view`, `deleted_at`, `created_at`, `updated_at`, `categories_id`) VALUES
(3, 'Berita terkini', 'berita-terkini', '<p>Berita terkini<br></p>', 'kesehatan.png', NULL, NULL, '2022-06-23 18:00:18', '2022-06-23 18:00:18', 1),
(6, 'Berita Terkini Dinas Kesehatan Samarinda', 'berita-terkini-dinas-kesehatan-samarinda', '<p><span style=\"color: rgb(0, 0, 0); font-family: Roboto, sans-serif; font-size: 16px;\">SAMARINDA. Sejak pagi masyarakat memenuhi gedung Buddhist &nbsp;Centre &nbsp;Jl. DI. Panjaitan Samarinda untuk mengikuti Vaksin.</span><br></p>', 'berita2.jpeg', 1, NULL, '2022-07-02 19:18:16', '2022-07-05 21:56:11', 1),
(7, 'Rapat Internal Kordinasi dan pemantapan kinerja dinas kesehatan kota Samarinda', 'rapat-internal-kordinasi-dan-pemantapan-kinerja-dinas-kesehatan-kota-samarinda', '<p><span style=\"color: rgb(0, 0, 0); font-family: Roboto, sans-serif; font-size: 16px;\">SAMARINDA. Dinas Kesehatan Kota Samarinda menggelar rapat internal pemantapan kinerja Dinas Kesehatan Kota Samarinda, Rabu.</span><br></p>', 'berita3.jpeg', NULL, NULL, '2022-07-02 19:21:49', '2022-07-02 19:21:49', 1);

-- --------------------------------------------------------

--
-- Table structure for table `cases`
--

CREATE TABLE `cases` (
  `id` bigint(20) UNSIGNED NOT NULL,
  `year` year(4) NOT NULL,
  `all_ages` int(10) DEFAULT NULL,
  `toddler` int(10) DEFAULT NULL,
  `deleted_at` timestamp NULL DEFAULT NULL,
  `created_at` timestamp NULL DEFAULT NULL,
  `updated_at` timestamp NULL DEFAULT NULL,
  `clinics_id` bigint(20) UNSIGNED NOT NULL
) ENGINE=InnoDB DEFAULT CHARSET=utf8mb4 COLLATE=utf8mb4_unicode_ci;

--
-- Dumping data for table `cases`
--

INSERT INTO `cases` (`id`, `year`, `all_ages`, `toddler`, `deleted_at`, `created_at`, `updated_at`, `clinics_id`) VALUES
(1, 2022, 4300, 37000, NULL, '2022-06-09 13:02:52', '2022-06-09 13:02:57', 1),
(2, 2021, 126, 106, NULL, '2022-06-23 03:12:32', '2022-06-23 03:12:32', 2),
(3, 2022, 200, 10, NULL, '2022-06-23 17:33:03', '2022-06-23 17:33:03', 3),
(4, 2022, 893, 526, NULL, '2022-06-23 17:33:52', '2022-06-23 17:33:52', 4),
(5, 2022, 12, 30, NULL, '2022-06-23 18:02:27', '2022-06-23 18:02:27', 5),
(6, 2022, 1022, 504, NULL, '2022-06-23 18:38:26', '2022-06-23 18:38:26', 6),
(7, 2022, 34, 25, NULL, '2022-06-23 20:42:58', '2022-06-23 20:42:58', 16),
(8, 2022, 23, 25, NULL, '2022-06-23 22:32:41', '2022-06-23 22:32:41', 20),
(9, 2022, 123, 234, NULL, '2022-06-23 22:37:10', '2022-06-23 22:37:10', 18),
(10, 2021, 1022, 505, NULL, '2022-07-10 18:16:08', '2022-07-10 18:16:08', 6),
(11, 2021, 1077, 526, NULL, '2022-07-10 18:19:03', '2022-07-10 18:19:03', 14);

-- --------------------------------------------------------

--
-- Table structure for table `categories`
--

CREATE TABLE `categories` (
  `id` bigint(20) UNSIGNED NOT NULL,
  `name` varchar(255) COLLATE utf8mb4_unicode_ci NOT NULL,
  `slug` varchar(255) COLLATE utf8mb4_unicode_ci NOT NULL,
  `deleted_at` timestamp NULL DEFAULT NULL,
  `created_at` timestamp NULL DEFAULT NULL,
  `updated_at` timestamp NULL DEFAULT NULL
) ENGINE=InnoDB DEFAULT CHARSET=utf8mb4 COLLATE=utf8mb4_unicode_ci;

--
-- Dumping data for table `categories`
--

INSERT INTO `categories` (`id`, `name`, `slug`, `deleted_at`, `created_at`, `updated_at`) VALUES
(0, 'Blog', 'blog', NULL, '2022-06-23 17:55:16', '2022-06-23 17:55:16'),
(1, 'Berita', 'berita', NULL, '2022-06-20 04:16:52', '2022-06-20 04:16:52'),
(2, 'Artikel', 'artikel', NULL, '2022-06-23 17:58:47', '2022-06-23 17:58:47');

-- --------------------------------------------------------

--
-- Table structure for table `clinics`
--

CREATE TABLE `clinics` (
  `id` bigint(20) UNSIGNED NOT NULL,
  `name` varchar(255) COLLATE utf8mb4_unicode_ci NOT NULL,
  `address` text COLLATE utf8mb4_unicode_ci NOT NULL,
  `lat` decimal(10,7) NOT NULL,
  `lng` decimal(10,7) NOT NULL,
  `deleted_at` timestamp NULL DEFAULT NULL,
  `created_at` timestamp NULL DEFAULT NULL,
  `updated_at` timestamp NULL DEFAULT NULL,
  `districts_id` bigint(20) UNSIGNED DEFAULT NULL,
  `jumlah_penduduk` varchar(45) COLLATE utf8mb4_unicode_ci DEFAULT NULL
) ENGINE=InnoDB DEFAULT CHARSET=utf8mb4 COLLATE=utf8mb4_unicode_ci;

--
-- Dumping data for table `clinics`
--

INSERT INTO `clinics` (`id`, `name`, `address`, `lat`, `lng`, `deleted_at`, `created_at`, `updated_at`, `districts_id`, `jumlah_penduduk`) VALUES
(1, 'Palaran', 'Jl. Kesehatan, Rw. Makmur, Kec. Palaran, Kota Samarinda, Kalimantan Timur 75243', '-0.5572040', '117.1823215', NULL, NULL, '2022-06-23 22:33:35', 1, '51000'),
(2, 'Bantuas', 'Jl. Dr. Wahidin No.12, Bantuas, Kec. Palaran, Kota Samarinda, Kalimantan Timur 75267', '-0.6576496', '117.2331555', NULL, NULL, '2022-06-23 02:03:41', 1, '4675'),
(3, 'Bukuan', 'Jl. Manggis No.RT 09, Bukuan, Kec. Palaran, Kota Samarinda, Kalimantan Timur 75256', '-0.5750715', '117.2005428', NULL, NULL, '2022-06-23 02:04:06', 1, '17830'),
(4, 'Mangkupalas', 'Jl. Mas Penghulu No.67, Mesjid, Kec. Samarinda Seberang, Kota Samarinda, Kalimantan Timur 75133', '-0.5172625', '117.1489256', NULL, NULL, '2022-06-23 02:04:28', 1, '30503'),
(5, 'BAQA', 'Jl. La Madu Keleng No.106, Baqa, Kec. Samarinda Seberang, Kota Samarinda, Kalimantan Timur 75132', '-0.5099807', '117.1418347', NULL, NULL, '2022-06-23 02:05:10', 1, '36431'),
(6, 'Harapan Baru', 'Jl. Kurnia Makmur No.45, Harapan Baru, Kec. Loa Janan Ilir, Kota Samarinda, Kalimantan Timur 75243', '-0.5428105', '117.1047954', NULL, NULL, '2022-06-23 02:05:55', 1, '37869'),
(7, 'Trauma Center', 'Jl. Cipto Mangunkusumo, Simpang Tiga, Kec. Loa Janan Ilir, Kota Samarinda, Kalimantan Timur 75131', '-0.5662551', '117.0877650', NULL, NULL, '2022-06-23 02:05:29', 1, '29833'),
(8, 'Loa Bakung', 'Jl. Jakarta No.18, Loa Bakung, Kec. Sungai Kunjang, Kota Samarinda, Kalimantan Timur 75243', '-0.5289590', '117.0911258', NULL, NULL, '2022-06-23 02:04:48', 1, '39364'),
(9, 'Karang Asam', 'Jl. Untung Suropati No.31, Karang Asam Ulu, Kec. Sungai Kunjang, Kota Samarinda, Kalimantan Timur 75243', '-0.5285580', '117.1124229', NULL, NULL, '2022-06-14 23:11:21', 1, '33944'),
(10, 'Lok Bahu', 'Jl. Ring Road, Lok Bahu, Kec. Sungai Kunjang, Kota Samarinda, Kalimantan Timur 75243', '-0.4932884', '117.0860815', NULL, NULL, '2022-06-14 23:12:16', 7, '29559'),
(11, 'Wonorejo', 'Jl. Cendana, Tlk. Lerong Ulu, Kec. Sungai Kunjang, Kota Samarinda, Kalimantan Timur 75127', '-0.4976122', '117.1253274', NULL, NULL, '2022-06-14 23:13:42', 7, '33269'),
(12, 'Juanda', 'JL. Salak, Komplek Perumnas, Air Hitam, Kec. Samarinda Ulu, Kota Samarinda, Kalimantan Timur 75243', '-0.4745536', '117.1348634', NULL, NULL, '2022-06-14 23:14:34', 6, '30513'),
(13, 'Air Putih', 'Jl. Pangeran Suryanata, Air Putih, Kec. Samarinda Ulu, Kota Samarinda, Kalimantan Timur 75243', '-0.4742476', '117.1219215', NULL, NULL, '2022-06-14 23:15:11', 6, '41472'),
(14, 'Segiri', 'Jl. Ramania 2, Sidodadi, Kec. Samarinda Ulu, Kota Samarinda, Kalimantan Timur 75243', '-0.4778847', '117.1438058', NULL, NULL, '2022-06-14 23:16:14', 6, '39888'),
(15, 'Pasundan', 'Jl. Pasundan No.11, Jawa, Kec. Samarinda Ulu, Kota Samarinda, Kalimantan Timur 75243', '-0.4952079', '117.1375605', NULL, NULL, '2022-06-14 23:17:40', 6, '27037'),
(16, 'Samarinda Kota', 'Jl. Bhayangkara No.4, Bugis, Kec. Samarinda Kota, Kota Samarinda, Kalimantan Timur 75121', '-0.4954093', '117.1442294', NULL, NULL, '2022-06-14 23:18:40', 2, '35445'),
(17, 'Sidomulyo', 'Jl. Jelawat Gg. VI, Sidodamai, Kec. Samarinda Ilir, Kota Samarinda, Kalimantan Timur 75115', '-0.5005861', '117.1611158', NULL, NULL, '2022-06-14 23:19:29', 1, '74331'),
(18, 'Sungai Kapih', 'Jl. Wijaya, Sambutan, Sungai Kapih, Samarinda, Kota Samarinda, Kalimantan Timur 75251', '-0.5317528', '117.1692801', NULL, NULL, '2022-06-14 23:20:13', 5, '14604'),
(19, 'Sambutan', 'Jl. Pelita 6, Sambutan, Kec. Sambutan, Kota Samarinda, Kalimantan Timur 75253', '-0.5134950', '117.1990851', NULL, NULL, '2022-06-14 23:20:50', 5, '26558'),
(20, 'Makroman', 'Jl. Sekolahan, Makroman, Kec. Sambutan, Kota Samarinda, Kalimantan Timur 75251', '-0.5567826', '117.2242073', NULL, NULL, '2022-06-14 23:21:25', 5, '17103'),
(21, 'Bengkuring', 'Deretan Ruko Lama, Jl. Bengkuring Raya, Sempaja Sel., Kec. Samarinda Utara, Kota Samarinda, Kalimantan Timur 75119', '-0.4299827', '117.1582778', NULL, NULL, '2022-06-14 23:22:21', 4, '46946'),
(22, 'Sempaja', 'Jl. Wahid Hasyim I, Sempaja Sel., Kec. Samarinda Utara, Kota Samarinda, Kalimantan Timur 75243', '-0.4511593', '117.1541712', NULL, NULL, '2022-06-14 23:23:03', 4, '21880'),
(23, 'Sungai Siring', 'Jl. A. Yani, Sungai Siring, Kec. Samarinda Utara, Kota Samarinda, Kalimantan Timur 75119', '-0.3916001', '117.2590025', NULL, NULL, '2022-06-14 23:23:45', 4, '17214'),
(24, 'Lempake', 'Jalan D.I. Panjaitan,kebun agung no.1 Kecamatan Samarinda Utara, Kota Samarinda, Kalimantan Timur 75113, Lempake, Kec. Samarinda Utara, Kota Samarinda, Kalimantan Timur 75113', '-0.4543188', '117.1904822', NULL, NULL, '2022-06-14 23:24:31', 4, '21154'),
(25, 'Remaja', 'Jl. Mayor Jendral Sutoyo, Sungai Pinang Dalam, Kec. Sungai Pinang, Kota Samarinda, Kalimantan Timur 75117', '-0.4753632', '117.1647871', NULL, NULL, '2022-06-14 23:25:02', 8, '38547'),
(26, 'Temindung', 'Jl. Pelita, Sungai Pinang Dalam, Kec. Sungai Pinang, Kota Samarinda, Kalimantan Timur 75117', '-0.4850805', '117.1643453', NULL, NULL, '2022-06-14 23:25:44', 8, '72218');

-- --------------------------------------------------------

--
-- Table structure for table `districts`
--

CREATE TABLE `districts` (
  `id` bigint(20) UNSIGNED NOT NULL,
  `name` varchar(255) COLLATE utf8mb4_unicode_ci NOT NULL,
  `geometry` longtext CHARACTER SET utf8mb4 COLLATE utf8mb4_bin NOT NULL,
  `status` tinyint(3) UNSIGNED DEFAULT NULL,
  `deleted_at` timestamp NULL DEFAULT NULL,
  `created_at` timestamp NULL DEFAULT NULL,
  `updated_at` timestamp NULL DEFAULT NULL,
  `jumlah_penduduk` int(11) DEFAULT NULL
) ENGINE=InnoDB DEFAULT CHARSET=utf8mb4 COLLATE=utf8mb4_unicode_ci;

--
-- Dumping data for table `districts`
--

INSERT INTO `districts` (`id`, `name`, `geometry`, `status`, `deleted_at`, `created_at`, `updated_at`, `jumlah_penduduk`) VALUES
(1, 'Samarinda Ilir', '{\"type\":\"Polygon\",\"coordinates\":[[[117.152658,-0.491254],[117.152985,-0.491412],[117.154674,-0.491475],[117.155067,-0.491656],[117.155838,-0.492217],[117.156182,-0.492199],[117.156576,-0.492081],[117.156986,-0.4919],[117.157494,-0.491738],[117.157805,-0.491919],[117.15815,-0.492516],[117.158594,-0.492941],[117.158899,-0.493068],[117.159274,-0.493267],[117.159313,-0.493484],[117.159106,-0.493882],[117.158847,-0.49418],[117.158834,-0.494388],[117.15886,-0.49456],[117.159274,-0.494986],[117.159572,-0.495356],[117.159676,-0.495592],[117.159572,-0.49589],[117.159222,-0.496306],[117.159093,-0.496578],[117.159054,-0.49684],[117.159171,-0.497193],[117.15943,-0.497437],[117.159533,-0.497763],[117.159624,-0.498586],[117.159579,-0.498921],[117.159566,-0.498921],[117.159519,-0.500215],[117.159384,-0.500911],[117.159114,-0.501572],[117.158996,-0.502214],[117.158709,-0.5032],[117.158591,-0.503951],[117.158102,-0.504576],[117.157765,-0.505779],[117.157664,-0.506458],[117.157359,-0.507389],[117.156836,-0.508403],[117.156623,-0.50871],[117.154163,-0.511244],[117.155563,-0.514283],[117.155268,-0.518138],[117.154017,-0.522146],[117.153885,-0.525828],[117.155495,-0.529211],[117.157881,-0.531935],[117.160528,-0.529881],[117.16094,-0.529428],[117.161004,-0.529302],[117.160978,-0.529157],[117.160657,-0.528886],[117.160425,-0.527927],[117.161969,-0.527121],[117.162792,-0.525828],[117.163216,-0.525339],[117.163705,-0.524579],[117.16382,-0.524118],[117.164206,-0.52381],[117.164373,-0.52353],[117.163859,-0.522824],[117.163679,-0.522399],[117.164309,-0.521946],[117.164875,-0.521684],[117.165196,-0.521431],[117.165569,-0.521014],[117.164219,-0.520291],[117.162959,-0.519567],[117.163126,-0.518879],[117.163216,-0.517866],[117.163859,-0.516871],[117.164065,-0.516427],[117.164245,-0.515885],[117.164375,-0.515333],[117.164306,-0.515188],[117.16413,-0.514473],[117.16418,-0.514211],[117.164756,-0.51346],[117.1651,-0.511596],[117.165585,-0.51023],[117.16567,-0.509361],[117.16567,-0.508782],[117.165958,-0.50776],[117.165803,-0.507471],[117.164882,-0.506376],[117.164545,-0.505444],[117.164285,-0.505245],[117.16555,-0.503399],[117.165859,-0.503236],[117.166155,-0.503037],[117.166871,-0.502377],[117.167096,-0.501943],[117.167187,-0.501671],[117.16723,-0.5014],[117.1673,-0.501282],[117.168017,-0.501002],[117.168368,-0.500215],[117.168409,-0.49931],[117.168481,-0.498948],[117.168748,-0.498649],[117.168719,-0.497962],[117.168874,-0.497645],[117.168986,-0.49731],[117.168944,-0.496722],[117.169015,-0.496487],[117.169267,-0.495999],[117.169591,-0.495465],[117.169881,-0.495338],[117.170379,-0.495166],[117.170669,-0.495121],[117.170637,-0.49485],[117.170852,-0.494886],[117.170965,-0.494723],[117.17099,-0.494515],[117.170986,-0.494261],[117.171107,-0.493764],[117.171142,-0.493456],[117.17112,-0.493321],[117.170964,-0.493149],[117.170639,-0.492913],[117.170322,-0.492714],[117.17,-0.492371],[117.169913,-0.492172],[117.169787,-0.491583],[117.16985,-0.491267],[117.169876,-0.490923],[117.169928,-0.490615],[117.169974,-0.490082],[117.169963,-0.489819],[117.164166,-0.490558],[117.162535,-0.489439],[117.162458,-0.489304],[117.162415,-0.489023],[117.162167,-0.487938],[117.161849,-0.486182],[117.161457,-0.485223],[117.160869,-0.484129],[117.160168,-0.482953],[117.160146,-0.482916],[117.159239,-0.482012],[117.159142,-0.481947],[117.154719,-0.488674],[117.154331,-0.489025],[117.154108,-0.489254],[117.15395,-0.489441],[117.153782,-0.489691],[117.153367,-0.489383],[117.153344,-0.490093],[117.153319,-0.490201],[117.153114,-0.490548],[117.15288,-0.490962],[117.152658,-0.491254]]]}', 1, NULL, NULL, NULL, 64355),
(2, 'Samarinda Kota', '{\"type\":\"Polygon\",\"coordinates\":[[[117.140698,-0.504449],[117.14194,-0.504667],[117.142739,-0.504884],[117.146272,-0.506521],[117.147265,-0.507109],[117.14761,-0.507317],[117.149746,-0.508204],[117.150261,-0.508358],[117.15198,-0.509479],[117.152544,-0.509841],[117.154163,-0.511244],[117.156623,-0.50871],[117.156836,-0.508403],[117.157359,-0.507389],[117.157664,-0.506458],[117.157765,-0.505779],[117.158102,-0.504576],[117.158591,-0.503951],[117.158709,-0.5032],[117.158996,-0.502214],[117.159114,-0.501572],[117.159384,-0.500911],[117.159519,-0.500215],[117.159566,-0.498921],[117.159624,-0.498586],[117.159533,-0.497763],[117.15943,-0.497437],[117.159171,-0.497193],[117.159054,-0.49684],[117.159093,-0.496578],[117.159222,-0.496306],[117.159572,-0.49589],[117.159676,-0.495592],[117.159572,-0.495356],[117.159274,-0.494986],[117.15886,-0.49456],[117.158834,-0.494388],[117.158847,-0.49418],[117.159106,-0.493882],[117.159313,-0.493484],[117.159274,-0.493267],[117.158899,-0.493068],[117.158594,-0.492941],[117.15815,-0.492516],[117.157805,-0.491919],[117.157494,-0.491738],[117.156986,-0.4919],[117.156576,-0.492081],[117.156182,-0.492199],[117.155838,-0.492217],[117.155067,-0.491656],[117.154674,-0.491475],[117.153936,-0.491439],[117.152985,-0.491412],[117.152461,-0.491159],[117.152264,-0.490715],[117.152231,-0.489937],[117.150813,-0.4901],[117.1503,-0.490118],[117.149922,-0.490164],[117.149572,-0.490263],[117.149476,-0.490227],[117.149336,-0.490127],[117.149021,-0.489955],[117.148942,-0.490091],[117.14876,-0.490236],[117.148815,-0.490363],[117.148377,-0.491014],[117.14653,-0.489775],[117.146139,-0.489657],[117.145538,-0.49029],[117.144924,-0.492163],[117.144056,-0.494425],[117.143719,-0.494235],[117.143364,-0.493728],[117.140957,-0.492398],[117.139786,-0.496244],[117.141555,-0.497221],[117.141874,-0.497492],[117.141906,-0.497981],[117.142066,-0.498116],[117.142155,-0.498496],[117.1419,-0.499419],[117.141389,-0.500251],[117.140698,-0.504449]]]}', 2, NULL, NULL, '2022-06-23 02:09:23', 35445),
(3, 'Palaran', '{\"type\":\"Polygon\",\"coordinates\":[[[117.14416,-0.624995],[117.143974,-0.625031],[117.143384,-0.624841],[117.14258,-0.624371],[117.141909,-0.623937],[117.141601,-0.623692],[117.140905,-0.623349],[117.140717,-0.623322],[117.138852,-0.622507],[117.138345,-0.622001],[117.138037,-0.621512],[117.137822,-0.621304],[117.137166,-0.620472],[117.136737,-0.620038],[117.135665,-0.619459],[117.135155,-0.618988],[117.134847,-0.618789],[117.13411,-0.617776],[117.13386,-0.617541],[117.13356,-0.617152],[117.132073,-0.61622],[117.131389,-0.615939],[117.130786,-0.615659],[117.130385,-0.615532],[117.129982,-0.615396],[117.128214,-0.614736],[117.127007,-0.613985],[117.125317,-0.613008],[117.124249,-0.613044],[117.123285,-0.613397],[117.122114,-0.613877],[117.120874,-0.614021],[117.119909,-0.613569],[117.118841,-0.611588],[117.118221,-0.609616],[117.11829,-0.608747],[117.118216,-0.60805],[117.117747,-0.606928],[117.117184,-0.606069],[117.116434,-0.604296],[117.115877,-0.603662],[117.116197,-0.60141],[117.115877,-0.599311],[117.114573,-0.595514],[117.113852,-0.593471],[117.113158,-0.591513],[117.112664,-0.590109],[117.112082,-0.588425],[117.111551,-0.586889],[117.111128,-0.585591],[117.110784,-0.584537],[117.110981,-0.583749],[117.110772,-0.582118],[117.110606,-0.580825],[117.110456,-0.579651],[117.110755,-0.57895],[117.111046,-0.578267],[117.111564,-0.577466],[117.1119,-0.576946],[117.112161,-0.576474],[117.112476,-0.575905],[117.115403,-0.573255],[117.117305,-0.571789],[117.131059,-0.557648],[117.133693,-0.554553],[117.135156,-0.553079],[117.137936,-0.550129],[117.139692,-0.548066],[117.143058,-0.544239],[117.146277,-0.541145],[117.157881,-0.531935],[117.160656,-0.534911],[117.162486,-0.537046],[117.162486,-0.537046],[117.163662,-0.538403],[117.164989,-0.539932],[117.16764,-0.542158],[117.170071,-0.545198],[117.17147,-0.547866],[117.173753,-0.550318],[117.176993,-0.552987],[117.178036,-0.554],[117.179129,-0.555059],[117.182442,-0.557501],[117.186125,-0.559211],[117.189733,-0.560098],[117.193415,-0.560912],[117.197379,-0.562378],[117.199306,-0.563065],[117.20181,-0.563807],[117.205124,-0.564847],[117.209469,-0.566322],[117.214329,-0.568176],[117.22265,-0.571958],[117.225522,-0.573514],[117.228542,-0.574925],[117.232518,-0.57544],[117.235979,-0.575368],[117.241402,-0.574789],[117.242324,-0.574888],[117.243947,-0.574933],[117.243947,-0.574933],[117.24572,-0.574816],[117.248294,-0.574472],[117.251154,-0.574707],[117.254243,-0.575738],[117.257373,-0.576697],[117.257446,-0.576715],[117.260936,-0.577981],[117.265163,-0.579652],[117.265741,-0.579881],[117.270301,-0.5815],[117.274664,-0.583228],[117.278668,-0.585128],[117.28164,-0.586792],[117.284046,-0.589615],[117.285476,-0.591461],[117.286218,-0.592745],[117.286769,-0.593976],[117.287136,-0.595215],[117.287228,-0.596934],[117.287228,-0.596934],[117.286678,-0.598137],[117.284535,-0.598997],[117.281934,-0.599033],[117.278905,-0.598011],[117.278905,-0.598011],[117.275997,-0.596663],[117.272892,-0.595605],[117.272162,-0.595731],[117.271634,-0.596012],[117.27121,-0.596347],[117.270863,-0.596799],[117.27055,-0.597242],[117.270183,-0.598817],[117.269926,-0.60125],[117.270122,-0.604734],[117.270092,-0.606923],[117.269296,-0.609538],[117.264901,-0.614695],[117.263145,-0.616604],[117.260711,-0.618513],[117.258299,-0.620096],[117.255797,-0.621037],[117.253988,-0.621426],[117.25212,-0.621942],[117.250532,-0.62263],[117.248834,-0.623399],[117.247176,-0.624829],[117.246031,-0.626774],[117.244945,-0.628927],[117.24377,-0.630682],[117.241931,-0.632447],[117.23952,-0.633541],[117.236143,-0.634265],[117.23328,-0.634419],[117.231501,-0.634817],[117.229692,-0.635424],[117.229144,-0.635804],[117.228771,-0.636138],[117.228396,-0.636636],[117.22825,-0.637306],[117.228193,-0.637704],[117.228185,-0.638427],[117.228387,-0.638997],[117.229663,-0.64173],[117.231713,-0.644616],[117.233009,-0.646986],[117.233371,-0.648261],[117.233491,-0.649049],[117.233371,-0.649989],[117.233039,-0.651319],[117.232617,-0.652541],[117.231713,-0.654323],[117.22897,-0.658304],[117.226472,-0.661034],[117.223423,-0.664095],[117.22062,-0.666067],[117.217726,-0.667831],[117.215586,-0.668772],[117.213596,-0.669596],[117.211486,-0.670591],[117.209255,-0.67117],[117.207574,-0.671559],[117.207574,-0.671559],[117.205819,-0.671107],[117.204038,-0.671089],[117.202702,-0.672039],[117.202702,-0.672039],[117.201207,-0.673505],[117.197318,-0.676364],[117.196278,-0.676907],[117.195298,-0.677603],[117.194213,-0.678789],[117.193158,-0.680028],[117.192224,-0.680734],[117.191108,-0.681946],[117.190385,-0.683032],[117.190204,-0.684434],[117.190144,-0.687221],[117.190204,-0.688858],[117.189933,-0.689682],[117.189511,-0.690595],[117.189421,-0.691717],[117.189481,-0.69217],[117.189375,-0.692577],[117.188998,-0.692957],[117.188577,-0.693988],[117.187642,-0.694848],[117.186527,-0.696476],[117.185592,-0.697698],[117.185683,-0.698575],[117.185562,-0.699181],[117.185593,-0.699905],[117.185472,-0.700276],[117.184968,-0.700683],[117.184567,-0.701434],[117.184481,-0.702357],[117.184113,-0.70328],[117.183794,-0.704574],[117.183737,-0.706446],[117.183451,-0.70746],[117.183388,-0.707975],[117.183344,-0.708763],[117.183603,-0.709586],[117.183603,-0.710626],[117.183905,-0.71145],[117.183302,-0.712146],[117.182871,-0.712707],[117.182353,-0.713105],[117.181577,-0.713494],[117.180197,-0.713449],[117.179292,-0.713449],[117.178343,-0.713576],[117.177653,-0.713838],[117.176791,-0.714318],[117.176231,-0.714879],[117.175541,-0.715232],[117.174592,-0.715268],[117.173514,-0.714969],[117.172825,-0.714879],[117.172049,-0.71449],[117.17041,-0.71449],[117.169332,-0.714228],[117.168599,-0.714363],[117.167737,-0.714752],[117.166444,-0.715096],[117.16515,-0.716399],[117.16446,-0.716833],[117.162649,-0.716707],[117.160742,-0.716137],[117.159317,-0.715305],[117.158215,-0.713812],[117.156699,-0.710799],[117.15644,-0.710112],[117.155923,-0.70937],[117.155306,-0.707814],[117.154371,-0.706855],[117.154237,-0.706484],[117.154199,-0.705986],[117.153988,-0.705416],[117.154026,-0.703335],[117.154235,-0.701689],[117.154186,-0.701101],[117.153204,-0.70149],[117.151952,-0.701616],[117.151226,-0.701444],[117.150391,-0.701616],[117.149267,-0.701788],[117.147952,-0.701354],[117.146882,-0.700694],[117.14639,-0.700549],[117.145845,-0.700142],[117.145459,-0.699653],[117.145054,-0.699472],[117.144351,-0.699346],[117.14414,-0.698957],[117.143982,-0.698088],[117.143736,-0.697699],[117.141908,-0.696433],[117.141369,-0.696261],[117.140888,-0.695881],[117.140607,-0.694922],[117.14059,-0.69427],[117.140203,-0.694044],[117.138941,-0.694252],[117.138395,-0.693845],[117.138164,-0.693266],[117.138118,-0.692624],[117.138319,-0.690498],[117.138949,-0.689403],[117.140183,-0.688163],[117.140787,-0.687476],[117.14109,-0.687078],[117.141744,-0.685784],[117.142676,-0.684309],[117.14318,-0.684137],[117.143041,-0.682129],[117.144615,-0.679089],[117.14522,-0.678374],[117.145384,-0.677117],[117.145698,-0.676348],[117.146454,-0.675289],[117.146504,-0.674249],[117.14668,-0.673787],[117.146126,-0.674095],[117.145799,-0.674068],[117.145295,-0.674249],[117.144842,-0.674601],[117.144766,-0.675081],[117.144414,-0.675434],[117.143905,-0.675443],[117.143577,-0.67528],[117.142533,-0.67481],[117.140833,-0.674231],[117.140432,-0.673977],[117.140304,-0.673416],[117.140318,-0.672602],[117.140218,-0.671987],[117.139832,-0.671815],[117.139446,-0.672177],[117.139218,-0.672955],[117.138832,-0.673444],[117.137474,-0.674176],[117.136917,-0.674158],[117.136517,-0.674041],[117.13583,-0.672856],[117.135316,-0.672602],[117.13473,-0.672503],[117.134358,-0.672358],[117.133987,-0.671915],[117.133987,-0.671915],[117.133344,-0.670992],[117.132829,-0.670648],[117.132315,-0.670359],[117.131886,-0.669906],[117.131471,-0.669282],[117.130971,-0.66892],[117.130542,-0.66892],[117.129999,-0.668739],[117.129756,-0.668233],[117.129728,-0.667862],[117.129914,-0.6675],[117.130256,-0.667201],[117.130571,-0.666767],[117.130614,-0.666215],[117.130356,-0.665763],[117.130071,-0.665473],[117.129513,-0.665229],[117.128999,-0.665111],[117.128313,-0.664994],[117.127455,-0.664894],[117.127141,-0.66484],[117.126469,-0.664867],[117.12604,-0.665129],[117.125741,-0.664939],[117.125604,-0.664569],[117.125695,-0.664134],[117.126886,-0.66332],[117.127367,-0.66284],[117.127572,-0.662261],[117.127595,-0.661547],[117.127435,-0.660741],[117.127298,-0.659891],[117.127435,-0.65943],[117.127765,-0.659086],[117.128092,-0.65857],[117.128377,-0.657584],[117.12864,-0.656354],[117.129563,-0.655268],[117.13074,-0.654236],[117.131176,-0.653359],[117.131935,-0.652599],[117.133168,-0.65183],[117.134592,-0.650301],[117.135446,-0.647967],[117.135665,-0.647587],[117.136082,-0.647095],[117.137051,-0.646025],[117.137865,-0.645198],[117.138292,-0.644338],[117.138379,-0.643931],[117.138492,-0.643153],[117.138705,-0.642499],[117.13908,-0.641244],[117.139634,-0.640131],[117.140124,-0.63891],[117.140254,-0.637562],[117.140091,-0.636712],[117.140124,-0.634613],[117.140287,-0.632016],[117.140548,-0.630469],[117.141233,-0.628732],[117.141575,-0.628126],[117.14396,-0.625303],[117.14416,-0.624995]]]}', 2, NULL, NULL, NULL, 64355),
(4, 'Samarinda Utara', '{\"type\":\"Polygon\",\"coordinates\":[[[117.230135,-0.491763],[117.263506,-0.49272],[117.263611,-0.492223],[117.265096,-0.488479],[117.266489,-0.485139],[117.267252,-0.484388],[117.270193,-0.482252],[117.27283,-0.480579],[117.274452,-0.479638],[117.274933,-0.479077],[117.274881,-0.478398],[117.275,-0.477901],[117.275083,-0.477249],[117.275182,-0.475847],[117.275377,-0.47458],[117.275924,-0.47382],[117.276509,-0.473259],[117.276592,-0.47211],[117.27689,-0.471124],[117.27709,-0.469749],[117.277139,-0.46907],[117.277936,-0.466411],[117.278565,-0.463913],[117.278948,-0.462502],[117.279312,-0.461887],[117.279871,-0.459833],[117.279984,-0.458892],[117.279871,-0.458386],[117.27973,-0.45739],[117.280237,-0.454721],[117.28066,-0.453446],[117.281647,-0.451853],[117.282267,-0.450514],[117.282577,-0.448732],[117.282211,-0.447592],[117.281844,-0.446995],[117.281534,-0.446344],[117.281421,-0.445665],[117.280885,-0.443512],[117.280378,-0.441748],[117.279685,-0.440581],[117.278855,-0.439251],[117.278382,-0.437668],[117.278365,-0.436229],[117.278755,-0.43489],[117.279491,-0.433379],[117.279765,-0.43242],[117.279795,-0.431841],[117.279578,-0.430909],[117.27919,-0.430142],[117.278582,-0.428837],[117.278481,-0.428195],[117.27861,-0.427191],[117.278596,-0.426594],[117.278509,-0.425553],[117.278134,-0.425029],[117.27734,-0.424549],[117.277232,-0.424251],[117.276863,-0.423509],[117.276216,-0.423138],[117.275446,-0.422269],[117.27483,-0.421401],[117.274522,-0.420813],[117.274645,-0.420568],[117.275446,-0.420252],[117.277201,-0.420288],[117.27754,-0.419917],[117.277756,-0.419139],[117.277971,-0.419112],[117.278402,-0.418614],[117.278865,-0.418397],[117.279388,-0.417963],[117.279819,-0.417465],[117.280783,-0.417031],[117.281487,-0.415837],[117.282216,-0.414805],[117.283327,-0.414208],[117.283797,-0.413855],[117.284081,-0.413439],[117.284143,-0.411277],[117.284785,-0.410082],[117.285588,-0.409187],[117.286107,-0.408228],[117.286206,-0.40707],[117.286699,-0.406572],[117.287008,-0.405143],[117.287194,-0.404636],[117.287515,-0.404473],[117.287886,-0.404238],[117.288108,-0.404012],[117.288479,-0.403867],[117.288713,-0.403849],[117.288923,-0.404048],[117.289059,-0.404346],[117.289093,-0.405197],[117.289034,-0.405803],[117.28917,-0.406527],[117.289244,-0.406753],[117.289492,-0.406925],[117.289924,-0.407097],[117.290208,-0.40716],[117.290575,-0.407395],[117.290823,-0.407757],[117.291105,-0.408264],[117.29162,-0.409078],[117.291935,-0.409232],[117.292316,-0.40925],[117.292632,-0.409042],[117.29298,-0.408662],[117.293262,-0.40839],[117.293544,-0.408327],[117.294324,-0.40858],[117.295021,-0.408625],[117.29527,-0.408499],[117.295618,-0.408164],[117.295933,-0.407142],[117.296384,-0.40592],[117.297361,-0.405133],[117.297941,-0.404346],[117.298497,-0.404038],[117.299337,-0.403767],[117.300313,-0.403586],[117.300622,-0.403432],[117.300832,-0.402844],[117.301054,-0.40231],[117.301128,-0.402021],[117.301165,-0.401577],[117.301338,-0.400682],[117.301758,-0.399596],[117.301944,-0.399026],[117.30212,-0.39861],[117.302067,-0.39794],[117.301882,-0.397624],[117.301553,-0.397371],[117.301338,-0.3969],[117.301309,-0.396719],[117.30119,-0.396439],[117.301017,-0.396366],[117.300696,-0.396113],[117.300448,-0.395796],[117.300103,-0.395045],[117.299843,-0.395018],[117.299386,-0.395263],[117.298447,-0.395615],[117.29804,-0.395878],[117.297756,-0.395833],[117.296716,-0.396267],[117.296407,-0.396312],[117.296121,-0.396466],[117.295437,-0.396493],[117.294732,-0.396249],[117.294358,-0.395715],[117.294274,-0.395435],[117.294506,-0.395218],[117.29434,-0.395],[117.293925,-0.392024],[117.293726,-0.39149],[117.293427,-0.391047],[117.293245,-0.390613],[117.293262,-0.390205],[117.29366,-0.388134],[117.29361,-0.387618],[117.29346,-0.387283],[117.293394,-0.387066],[117.293361,-0.38665],[117.293255,-0.386333],[117.292859,-0.385827],[117.292352,-0.385338],[117.292088,-0.385374],[117.291669,-0.385202],[117.291162,-0.384822],[117.290737,-0.384651],[117.290369,-0.38456],[117.28973,-0.384289],[117.289333,-0.383845],[117.289487,-0.383158],[117.289796,-0.38276],[117.290457,-0.382298],[117.290787,-0.381873],[117.290787,-0.381366],[117.290302,-0.380697],[117.290412,-0.380073],[117.290706,-0.379638],[117.291696,-0.378969],[117.292137,-0.378743],[117.29228,-0.3782],[117.292411,-0.377983],[117.29253,-0.377395],[117.292483,-0.377159],[117.292125,-0.376951],[117.291874,-0.376653],[117.291708,-0.376065],[117.291696,-0.375748],[117.291874,-0.375459],[117.292184,-0.375124],[117.292208,-0.374861],[117.292411,-0.374481],[117.292602,-0.374165],[117.292554,-0.373758],[117.29265,-0.373423],[117.292912,-0.37307],[117.29327,-0.372835],[117.293842,-0.372699],[117.294618,-0.372735],[117.294952,-0.372699],[117.295179,-0.372554],[117.295429,-0.371912],[117.295584,-0.371378],[117.29573,-0.37117],[117.296109,-0.370862],[117.296502,-0.370347],[117.296546,-0.369786],[117.296562,-0.369433],[117.296512,-0.368899],[117.296429,-0.368347],[117.29623,-0.367777],[117.295751,-0.367343],[117.294999,-0.367126],[117.294476,-0.366882],[117.293461,-0.365868],[117.292947,-0.365145],[117.292637,-0.364484],[117.292149,-0.364041],[117.291659,-0.363381],[117.291194,-0.363091],[117.291111,-0.362612],[117.291277,-0.361933],[117.291003,-0.361843],[117.290741,-0.36168],[117.29055,-0.36168],[117.290265,-0.361806],[117.289894,-0.361761],[117.289727,-0.361797],[117.289226,-0.361535],[117.28863,-0.362286],[117.288128,-0.362648],[117.287807,-0.36272],[117.287413,-0.36291],[117.28665,-0.363218],[117.285123,-0.362983],[117.284682,-0.362684],[117.283894,-0.362313],[117.283203,-0.362114],[117.282699,-0.361789],[117.282105,-0.361544],[117.281616,-0.361454],[117.281354,-0.361137],[117.281187,-0.360821],[117.280709,-0.360441],[117.280543,-0.360223],[117.279982,-0.360287],[117.279897,-0.360314],[117.279773,-0.360441],[117.279642,-0.360459],[117.279484,-0.360395],[117.278843,-0.360368],[117.278685,-0.360404],[117.278381,-0.360549],[117.278055,-0.360459],[117.277902,-0.360495],[117.27756,-0.360341],[117.277413,-0.360224],[117.277286,-0.360187],[117.276857,-0.360151],[117.276606,-0.360242],[117.276213,-0.360251],[117.275867,-0.360377],[117.275664,-0.360314],[117.274913,-0.360377],[117.274638,-0.360287],[117.274292,-0.36026],[117.272885,-0.359663],[117.272444,-0.359645],[117.271597,-0.360043],[117.27131,-0.360233],[117.271036,-0.360586],[117.270261,-0.361436],[117.270118,-0.361717],[117.269784,-0.36206],[117.269259,-0.362486],[117.267864,-0.363092],[117.267414,-0.363264],[117.267092,-0.363264],[117.267227,-0.362567],[117.266908,-0.362585],[117.265998,-0.363146],[117.265765,-0.363472],[117.265109,-0.363888],[117.264228,-0.364169],[117.263122,-0.364187],[117.262616,-0.364449],[117.262166,-0.364793],[117.261079,-0.365173],[117.259973,-0.364865],[117.259561,-0.364531],[117.258811,-0.364286],[117.25838,-0.364359],[117.257443,-0.364693],[117.257012,-0.364983],[117.255812,-0.365245],[117.254744,-0.365264],[117.25345,-0.365381],[117.251614,-0.36568],[117.250864,-0.365834],[117.249289,-0.366566],[117.248764,-0.36691],[117.243347,-0.367978],[117.241623,-0.368231],[117.241777,-0.367851],[117.242003,-0.367471],[117.242431,-0.366874],[117.242588,-0.366558],[117.242723,-0.366223],[117.242859,-0.365861],[117.243038,-0.365517],[117.243174,-0.365291],[117.243466,-0.364721],[117.243849,-0.363771],[117.243962,-0.363074],[117.243962,-0.362712],[117.243984,-0.362369],[117.243977,-0.3619],[117.243939,-0.361256],[117.243849,-0.36055],[117.243781,-0.36017],[117.243736,-0.359691],[117.243624,-0.359057],[117.243535,-0.358615],[117.243511,-0.358496],[117.243489,-0.3577],[117.243534,-0.357022],[117.243646,-0.356388],[117.243646,-0.355819],[117.243601,-0.355339],[117.243399,-0.354887],[117.243061,-0.354371],[117.24279,-0.353801],[117.242633,-0.353349],[117.242475,-0.352326],[117.242498,-0.351937],[117.242611,-0.351014],[117.242588,-0.350399],[117.242655,-0.349875],[117.242858,-0.349178],[117.243038,-0.34868],[117.243376,-0.348002],[117.243714,-0.347477],[117.243736,-0.346934],[117.243623,-0.34621],[117.243263,-0.345523],[117.243015,-0.344799],[117.242881,-0.343894],[117.242881,-0.342944],[117.242565,-0.342601],[117.24207,-0.342374],[117.240966,-0.342103],[117.239638,-0.341723],[117.238657,-0.341316],[117.238024,-0.340855],[117.23775,-0.340167],[117.237671,-0.339516],[117.237396,-0.338801],[117.236828,-0.338285],[117.236495,-0.338131],[117.236063,-0.338131],[117.235103,-0.338303],[117.234476,-0.338068],[117.233868,-0.337516],[117.232755,-0.336675],[117.231848,-0.336259],[117.231554,-0.335743],[117.231848,-0.335055],[117.232456,-0.334657],[117.232652,-0.334006],[117.232005,-0.333336],[117.230887,-0.33264],[117.230417,-0.331636],[117.228888,-0.330197],[117.226613,-0.329148],[117.225457,-0.328831],[117.223947,-0.328044],[117.221251,-0.327375],[117.221085,-0.327094],[117.220751,-0.326877],[117.220418,-0.32647],[117.220398,-0.326072],[117.220652,-0.32561],[117.220594,-0.325438],[117.220614,-0.324823],[117.220807,-0.32438],[117.220693,-0.323602],[117.22083,-0.323131],[117.220673,-0.322715],[117.220594,-0.322082],[117.220457,-0.321449],[117.220457,-0.320861],[117.220026,-0.320625],[117.219438,-0.320408],[117.218928,-0.319929],[117.218516,-0.319956],[117.218261,-0.320146],[117.218085,-0.320843],[117.217673,-0.321494],[117.217477,-0.321575],[117.217105,-0.321829],[117.217066,-0.323168],[117.216889,-0.323548],[117.216674,-0.323882],[117.21636,-0.324018],[117.215883,-0.323113],[117.214636,-0.322326],[117.214548,-0.322163],[117.21446,-0.321738],[117.21446,-0.321512],[117.214278,-0.321304],[117.213968,-0.321223],[117.21374,-0.321033],[117.212973,-0.321141],[117.212765,-0.32144],[117.212661,-0.321702],[117.212631,-0.321983],[117.212655,-0.322263],[117.212337,-0.323186],[117.212056,-0.323539],[117.211212,-0.323792],[117.210466,-0.324],[117.209859,-0.324335],[117.209463,-0.324715],[117.209182,-0.325095],[117.209029,-0.32533],[117.208442,-0.325728],[117.207561,-0.326027],[117.206786,-0.32638],[117.206167,-0.326923],[117.205568,-0.327212],[117.204999,-0.327574],[117.204797,-0.327655],[117.204473,-0.327692],[117.204069,-0.327673],[117.20391,-0.327637],[117.203825,-0.327529],[117.203684,-0.326832],[117.203531,-0.326506],[117.203317,-0.326325],[117.203011,-0.326271],[117.20248,-0.326298],[117.202051,-0.326226],[117.201385,-0.326325],[117.200987,-0.326461],[117.20048,-0.326868],[117.199288,-0.327646],[117.198552,-0.328216],[117.198055,-0.328624],[117.197622,-0.328823],[117.197245,-0.32894],[117.197025,-0.329103],[117.196744,-0.329565],[117.196602,-0.329972],[117.196047,-0.330524],[117.195833,-0.33065],[117.195194,-0.330695],[117.1948,-0.331084],[117.194542,-0.331157],[117.193793,-0.331085],[117.193446,-0.330904],[117.192579,-0.330334],[117.19243,-0.330162],[117.192366,-0.329899],[117.192559,-0.329139],[117.192366,-0.328461],[117.191726,-0.327936],[117.191474,-0.327936],[117.190544,-0.328307],[117.189789,-0.328524],[117.189498,-0.328443],[117.189207,-0.328434],[117.188988,-0.328524],[117.188846,-0.328778],[117.188742,-0.329348],[117.188588,-0.329474],[117.188038,-0.329709],[117.187919,-0.330967],[117.187647,-0.331211],[117.187386,-0.331492],[117.187221,-0.331998],[117.187528,-0.332596],[117.188192,-0.332876],[117.189305,-0.332523],[117.189968,-0.332876],[117.190631,-0.335147],[117.190726,-0.335816],[117.189927,-0.336748],[117.189063,-0.337092],[117.188684,-0.337599],[117.188593,-0.338503],[117.188707,-0.339173],[117.188768,-0.340946],[117.188586,-0.341643],[117.188267,-0.343289],[117.187874,-0.343986],[117.187456,-0.344574],[117.187722,-0.345425],[117.187638,-0.346221],[117.187305,-0.346709],[117.185637,-0.346908],[117.183788,-0.346935],[117.182817,-0.346528],[117.182348,-0.346592],[117.181862,-0.346954],[117.181241,-0.347234],[117.180483,-0.347243],[117.179998,-0.347569],[117.179785,-0.348193],[117.179688,-0.349071],[117.179452,-0.349704],[117.179255,-0.350446],[117.178754,-0.351179],[117.177436,-0.352708],[117.177057,-0.353278],[117.176178,-0.355377],[117.175541,-0.35582],[117.174783,-0.355947],[117.174055,-0.355883],[117.173479,-0.355612],[117.173009,-0.355286],[117.171827,-0.354065],[117.171387,-0.353287],[117.170796,-0.352373],[117.170477,-0.35202],[117.170189,-0.351568],[117.169856,-0.351197],[117.169401,-0.35117],[117.168401,-0.351776],[117.16837,-0.352952],[117.16787,-0.353486],[117.167703,-0.353911],[117.167718,-0.355133],[117.166809,-0.356055],[117.166172,-0.356969],[117.165399,-0.357042],[117.164853,-0.356996],[117.164583,-0.35706],[117.164293,-0.357078],[117.163951,-0.357195],[117.163194,-0.357675],[117.161887,-0.357711],[117.160705,-0.357566],[117.16028,-0.357702],[117.159575,-0.35829],[117.158932,-0.358526],[117.157896,-0.358453],[117.157429,-0.358164],[117.157087,-0.357675],[117.156703,-0.356861],[117.156558,-0.356689],[117.156247,-0.356608],[117.155801,-0.356445],[117.155459,-0.356146],[117.155044,-0.355902],[117.154449,-0.355924],[117.15352,-0.355893],[117.153126,-0.355893],[117.152836,-0.355848],[117.152421,-0.355658],[117.152099,-0.355585],[117.15183,-0.355594],[117.151063,-0.355061],[117.150461,-0.354264],[117.149601,-0.353025],[117.149186,-0.352256],[117.14873,-0.351885],[117.148483,-0.351921],[117.148211,-0.352229],[117.148076,-0.352618],[117.148037,-0.352799],[117.147859,-0.353152],[117.147361,-0.353722],[117.14705,-0.354563],[117.14705,-0.355459],[117.146988,-0.355866],[117.146677,-0.356318],[117.146469,-0.35668],[117.14621,-0.356933],[117.14564,-0.357205],[117.145298,-0.357114],[117.144848,-0.356671],[117.144468,-0.356391],[117.144095,-0.356246],[117.143659,-0.356164],[117.143214,-0.356336],[117.143037,-0.356345],[117.142405,-0.356753],[117.141876,-0.357151],[117.142864,-0.357494],[117.143757,-0.357576],[117.144224,-0.358037],[117.144348,-0.358363],[117.144128,-0.358861],[117.144142,-0.359304],[117.144101,-0.360055],[117.143263,-0.361909],[117.14307,-0.362588],[117.142315,-0.363429],[117.142329,-0.364452],[117.142397,-0.36494],[117.142232,-0.365284],[117.14193,-0.365601],[117.141765,-0.36599],[117.14171,-0.368523],[117.141178,-0.369398],[117.140625,-0.370387],[117.140488,-0.370884],[117.140872,-0.372667],[117.141312,-0.373481],[117.141422,-0.374214],[117.141367,-0.374621],[117.141175,-0.374757],[117.14112,-0.375128],[117.140955,-0.375489],[117.14079,-0.376005],[117.140007,-0.376657],[117.139566,-0.376874],[117.138839,-0.376828],[117.138256,-0.376747],[117.13754,-0.377706],[117.13715,-0.37852],[117.136906,-0.379697],[117.136168,-0.381325],[117.136351,-0.382736],[117.136351,-0.384012],[117.136209,-0.385405],[117.136495,-0.386229],[117.133021,-0.387758],[117.131542,-0.388002],[117.128676,-0.389612],[117.125408,-0.390879],[117.125063,-0.39382],[117.124298,-0.395023],[117.124139,-0.398696],[117.123664,-0.399818],[117.12349,-0.401039],[117.122314,-0.401012],[117.122025,-0.400578],[117.121572,-0.400433],[117.120992,-0.400515],[117.119985,-0.400469],[117.119407,-0.400451],[117.118707,-0.400741],[117.118294,-0.401256],[117.118191,-0.402487],[117.118222,-0.404076],[117.118232,-0.404667],[117.118067,-0.40578],[117.117861,-0.406115],[117.117593,-0.406287],[117.117346,-0.40626],[117.117202,-0.406033],[117.117016,-0.405536],[117.116778,-0.40509],[117.116707,-0.404957],[117.116377,-0.404812],[117.116171,-0.40502],[117.115823,-0.405862],[117.115637,-0.406033],[117.115098,-0.406251],[117.114743,-0.406432],[117.114278,-0.406812],[117.114076,-0.407183],[117.113848,-0.407662],[117.113713,-0.407861],[117.11351,-0.408042],[117.112919,-0.408277],[117.112792,-0.408286],[117.112725,-0.408386],[117.111791,-0.40866],[117.113177,-0.410919],[117.116411,-0.411896],[117.119537,-0.414176],[117.126317,-0.423721],[117.127837,-0.428063],[117.132711,-0.434876],[117.134844,-0.438594],[117.136676,-0.444014],[117.137094,-0.449406],[117.139862,-0.454092],[117.145011,-0.458489],[117.149418,-0.461999],[117.150504,-0.462633],[117.152242,-0.463465],[117.152912,-0.463727],[117.153387,-0.463917],[117.154514,-0.464469],[117.154882,-0.464587],[117.155009,-0.464596],[117.155892,-0.46484],[117.155786,-0.465437],[117.155737,-0.465953],[117.155727,-0.466306],[117.155999,-0.467518],[117.156199,-0.468337],[117.156426,-0.469156],[117.156611,-0.469644],[117.156805,-0.469861],[117.157514,-0.470495],[117.157684,-0.470474],[117.157935,-0.470507],[117.15819,-0.470619],[117.15846,-0.470708],[117.158687,-0.470755],[117.158919,-0.470732],[117.159154,-0.470696],[117.159309,-0.470635],[117.159457,-0.470566],[117.159586,-0.470494],[117.159824,-0.470437],[117.160081,-0.470471],[117.160297,-0.470517],[117.16047,-0.470567],[117.160655,-0.470564],[117.160905,-0.470508],[117.160905,-0.470508],[117.161746,-0.470249],[117.162001,-0.470143],[117.162256,-0.470006],[117.162406,-0.469916],[117.16255,-0.469855],[117.1634,-0.469633],[117.163934,-0.469452],[117.164782,-0.469259],[117.164782,-0.469259],[117.165197,-0.469199],[117.165874,-0.468849],[117.166019,-0.468813],[117.166448,-0.468622],[117.166975,-0.468385],[117.167154,-0.468275],[117.167394,-0.468157],[117.167659,-0.468049],[117.167808,-0.467945],[117.167897,-0.467856],[117.168098,-0.467488],[117.168268,-0.467181],[117.168382,-0.466941],[117.16927,-0.465619],[117.169404,-0.465412],[117.16983,-0.465021],[117.17025,-0.464155],[117.170386,-0.463807],[117.170525,-0.463551],[117.170641,-0.463435],[117.170781,-0.463298],[117.17094,-0.463176],[117.171315,-0.462957],[117.171632,-0.462673],[117.171783,-0.462472],[117.172218,-0.46179],[117.172423,-0.461542],[117.172526,-0.461465],[117.172843,-0.461062],[117.173225,-0.460463],[117.173398,-0.460189],[117.173622,-0.459927],[117.173728,-0.457928],[117.173553,-0.455494],[117.173407,-0.454788],[117.172854,-0.454101],[117.171674,-0.452961],[117.171551,-0.452662],[117.171587,-0.452183],[117.171477,-0.451848],[117.171077,-0.451676],[117.170596,-0.451576],[117.170014,-0.451178],[117.169825,-0.450762],[117.169781,-0.450057],[117.169599,-0.449405],[117.169715,-0.448708],[117.169897,-0.447994],[117.170101,-0.446745],[117.17032,-0.446148],[117.170414,-0.445707],[117.170888,-0.442954],[117.170822,-0.441679],[117.171062,-0.440647],[117.170968,-0.440159],[117.1708,-0.439697],[117.170822,-0.438919],[117.170516,-0.438621],[117.170407,-0.438585],[117.170669,-0.438313],[117.171188,-0.437779],[117.171756,-0.437018],[117.172089,-0.43654],[117.172332,-0.436259],[117.17277,-0.436223],[117.174742,-0.436314],[117.175221,-0.436395],[117.17587,-0.436169],[117.177323,-0.435807],[117.178012,-0.435355],[117.178799,-0.435255],[117.180776,-0.436368],[117.181663,-0.437707],[117.182497,-0.439987],[117.183137,-0.441181],[117.184517,-0.442873],[117.185196,-0.444784],[117.185438,-0.445424],[117.185916,-0.446591],[117.186754,-0.44793],[117.187541,-0.449423],[117.188031,-0.45106],[117.188619,-0.452752],[117.189408,-0.453847],[117.189997,-0.455484],[117.190011,-0.456335],[117.190305,-0.456326],[117.190434,-0.456349],[117.190553,-0.456371],[117.190656,-0.456429],[117.190774,-0.456496],[117.190887,-0.45656],[117.191003,-0.456626],[117.191097,-0.456679],[117.191361,-0.456995],[117.191567,-0.457339],[117.192145,-0.458569],[117.192671,-0.45932],[117.19343,-0.45989],[117.194197,-0.460759],[117.19481,-0.460723],[117.195491,-0.46065],[117.19581,-0.460406],[117.196008,-0.460343],[117.196284,-0.460306],[117.196439,-0.460315],[117.196741,-0.460406],[117.197189,-0.460623],[117.198724,-0.460958],[117.199043,-0.460967],[117.199362,-0.461048],[117.199656,-0.461012],[117.199966,-0.461048],[117.200328,-0.461021],[117.201596,-0.462007],[117.202555,-0.462487],[117.203811,-0.462622],[117.204698,-0.462351],[117.205934,-0.462061],[117.207669,-0.461907],[117.207782,-0.461817],[117.208004,-0.461726],[117.208128,-0.461717],[117.208978,-0.461745],[117.209507,-0.461962],[117.210361,-0.462966],[117.211241,-0.463916],[117.212312,-0.464495],[117.213746,-0.464848],[117.214437,-0.465345],[117.216709,-0.466639],[117.218045,-0.466693],[117.219779,-0.46615],[117.220616,-0.465987],[117.221809,-0.466105],[117.222697,-0.467001],[117.223288,-0.467896],[117.223978,-0.468638],[117.224904,-0.469027],[117.225164,-0.469136],[117.22652,-0.470022],[117.226911,-0.471596],[117.226492,-0.472718],[117.225933,-0.473424],[117.225403,-0.473505],[117.2249,-0.473705],[117.224481,-0.474347],[117.224353,-0.475387],[117.224351,-0.476084],[117.224646,-0.476826],[117.225347,-0.478092],[117.225514,-0.479133],[117.225738,-0.479603],[117.226045,-0.480173],[117.226213,-0.48068],[117.226239,-0.481033],[117.226044,-0.481241],[117.226001,-0.481331],[117.226022,-0.481395],[117.226148,-0.481539],[117.226135,-0.481603],[117.226079,-0.481738],[117.225915,-0.48201],[117.225729,-0.482281],[117.225434,-0.482643],[117.2254,-0.482878],[117.225443,-0.482978],[117.22559,-0.483195],[117.225676,-0.483331],[117.225707,-0.483521],[117.225711,-0.483765],[117.225871,-0.483865],[117.226403,-0.484091],[117.226693,-0.484226],[117.226982,-0.48438],[117.227177,-0.484525],[117.227246,-0.484896],[117.227272,-0.485375],[117.227013,-0.486533],[117.226996,-0.486859],[117.226832,-0.487565],[117.227031,-0.487872],[117.227784,-0.488497],[117.228214,-0.488732],[117.228893,-0.488804],[117.228994,-0.488849],[117.229152,-0.488976],[117.229244,-0.488985],[117.229835,-0.488931],[117.22997,-0.488976],[117.230227,-0.489112],[117.230505,-0.489284],[117.230598,-0.489374],[117.230617,-0.489483],[117.23063,-0.489691],[117.230667,-0.489836],[117.230672,-0.490026],[117.230658,-0.490225],[117.230612,-0.490541],[117.230557,-0.490722],[117.230468,-0.49084],[117.230348,-0.491039],[117.230215,-0.491283],[117.230131,-0.491473],[117.230135,-0.491763]]]}', 1, NULL, NULL, '2022-06-23 02:17:38', 107194),
(5, 'Sambutan', '{\"type\":\"Polygon\",\"coordinates\":[[[117.218378,-0.491363],[117.202799,-0.490832],[117.197586,-0.490832],[117.192969,-0.490678],[117.181682,-0.490009],[117.177865,-0.490009],[117.173115,-0.489729],[117.169963,-0.489819],[117.169974,-0.490082],[117.169928,-0.490615],[117.169876,-0.490923],[117.16985,-0.491267],[117.169787,-0.491583],[117.169913,-0.492172],[117.17,-0.492371],[117.170322,-0.492714],[117.170639,-0.492913],[117.170964,-0.493149],[117.17112,-0.493321],[117.171142,-0.493456],[117.171107,-0.493764],[117.170986,-0.494261],[117.17099,-0.494515],[117.170965,-0.494723],[117.170852,-0.494886],[117.170637,-0.49485],[117.170669,-0.495121],[117.170379,-0.495166],[117.169881,-0.495338],[117.169591,-0.495465],[117.169267,-0.495999],[117.169015,-0.496487],[117.168944,-0.496722],[117.168986,-0.49731],[117.168874,-0.497645],[117.168719,-0.497962],[117.168748,-0.498649],[117.168481,-0.498948],[117.16841,-0.499274],[117.168368,-0.500215],[117.168017,-0.501002],[117.1673,-0.501282],[117.16723,-0.5014],[117.167187,-0.501671],[117.167096,-0.501943],[117.166871,-0.502377],[117.166155,-0.503037],[117.165859,-0.503236],[117.16555,-0.503399],[117.164285,-0.505245],[117.164545,-0.505444],[117.164882,-0.506376],[117.165803,-0.507471],[117.165958,-0.50776],[117.16567,-0.508782],[117.16567,-0.509361],[117.165585,-0.51023],[117.1651,-0.511596],[117.164756,-0.51346],[117.16418,-0.514211],[117.16413,-0.514473],[117.164306,-0.515188],[117.164375,-0.515333],[117.164245,-0.515885],[117.164071,-0.516409],[117.163859,-0.516871],[117.163216,-0.517866],[117.163126,-0.518879],[117.162959,-0.519567],[117.164035,-0.520185],[117.165569,-0.521014],[117.165196,-0.521431],[117.164875,-0.521684],[117.164309,-0.521946],[117.163679,-0.522399],[117.163859,-0.522824],[117.164193,-0.523267],[117.164373,-0.52353],[117.164206,-0.52381],[117.16382,-0.524118],[117.163705,-0.524579],[117.163216,-0.525339],[117.162792,-0.525828],[117.161969,-0.527121],[117.160425,-0.527927],[117.160657,-0.528886],[117.160978,-0.529157],[117.161004,-0.529302],[117.16094,-0.529428],[117.160528,-0.529881],[117.157881,-0.531935],[117.159152,-0.533301],[117.160656,-0.534911],[117.164989,-0.539932],[117.16764,-0.542158],[117.170071,-0.545198],[117.17147,-0.547866],[117.173753,-0.550318],[117.176993,-0.552987],[117.178039,-0.554],[117.179129,-0.555059],[117.182442,-0.557501],[117.186125,-0.559211],[117.189733,-0.560098],[117.193415,-0.560912],[117.197918,-0.56257],[117.199306,-0.563065],[117.20181,-0.563807],[117.204587,-0.564678],[117.206745,-0.565397],[117.209469,-0.566322],[117.214329,-0.568176],[117.217933,-0.569811],[117.22226,-0.571779],[117.22265,-0.571958],[117.225522,-0.573514],[117.228542,-0.574925],[117.232518,-0.57544],[117.235979,-0.575368],[117.241402,-0.574789],[117.239349,-0.574572],[117.237231,-0.573576],[117.236251,-0.572672],[117.236055,-0.571668],[117.236315,-0.569379],[117.236636,-0.567904],[117.236704,-0.567741],[117.236814,-0.56766],[117.237767,-0.567614],[117.237882,-0.567578],[117.237919,-0.567506],[117.23807,-0.564909],[117.238119,-0.564882],[117.238179,-0.563842],[117.238114,-0.562837],[117.23807,-0.561544],[117.238849,-0.561688],[117.240924,-0.562014],[117.241946,-0.561996],[117.242896,-0.561724],[117.243972,-0.561353],[117.246299,-0.559788],[117.24666,-0.559164],[117.246868,-0.558666],[117.247318,-0.557743],[117.247468,-0.55749],[117.247618,-0.557155],[117.247713,-0.556983],[117.247825,-0.556757],[117.247882,-0.556612],[117.247924,-0.556567],[117.248037,-0.556359],[117.248225,-0.555807],[117.248319,-0.555617],[117.24846,-0.555065],[117.248524,-0.554613],[117.248629,-0.554658],[117.248729,-0.554912],[117.248797,-0.554948],[117.248908,-0.554939],[117.249052,-0.554812],[117.249171,-0.554667],[117.249277,-0.55455],[117.249417,-0.554504],[117.249544,-0.55455],[117.24967,-0.554712],[117.249775,-0.554912],[117.249907,-0.555002],[117.250022,-0.555029],[117.250137,-0.554984],[117.25019,-0.554893],[117.250206,-0.554731],[117.250117,-0.554541],[117.249775,-0.554323],[117.249501,-0.554061],[117.249223,-0.553735],[117.249165,-0.553545],[117.249171,-0.553346],[117.249228,-0.553202],[117.249318,-0.553129],[117.249517,-0.553102],[117.249796,-0.553084],[117.25041,-0.553265],[117.250594,-0.553283],[117.250689,-0.55322],[117.250688,-0.553057],[117.250274,-0.552206],[117.250271,-0.552053],[117.250528,-0.551808],[117.250902,-0.551392],[117.251062,-0.551084],[117.251233,-0.550569],[117.251309,-0.550424],[117.251404,-0.550297],[117.251588,-0.55027],[117.251824,-0.550306],[117.25211,-0.550424],[117.252329,-0.550523],[117.252597,-0.550804],[117.252719,-0.550976],[117.252677,-0.551256],[117.252534,-0.551573],[117.252281,-0.552016],[117.25224,-0.552206],[117.252303,-0.552523],[117.252463,-0.552758],[117.252559,-0.553111],[117.252534,-0.553201],[117.252466,-0.553292],[117.252303,-0.553373],[117.252172,-0.553391],[117.251882,-0.553382],[117.251661,-0.553446],[117.251567,-0.553591],[117.251532,-0.55379],[117.251635,-0.554007],[117.251925,-0.554233],[117.252121,-0.55426],[117.252298,-0.554242],[117.252466,-0.554197],[117.252762,-0.55407],[117.25306,-0.553916],[117.253238,-0.553799],[117.253438,-0.553681],[117.253628,-0.553663],[117.25378,-0.553789],[117.253896,-0.554034],[117.253948,-0.554513],[117.25397,-0.555038],[117.253948,-0.555318],[117.25396,-0.555563],[117.254053,-0.555707],[117.254163,-0.555798],[117.2544,-0.555816],[117.254612,-0.555744],[117.254763,-0.555536],[117.255052,-0.554703],[117.255157,-0.554595],[117.255383,-0.55454],[117.255777,-0.554658],[117.256313,-0.554857],[117.256771,-0.555083],[117.256944,-0.555074],[117.25706,-0.554993],[117.257133,-0.554785],[117.257092,-0.554549],[117.256991,-0.554332],[117.256814,-0.554097],[117.25615,-0.553735],[117.255659,-0.553455],[117.255456,-0.55331],[117.255285,-0.553129],[117.255094,-0.552839],[117.254983,-0.552604],[117.254814,-0.552152],[117.254678,-0.551437],[117.254665,-0.551084],[117.254726,-0.550713],[117.254836,-0.550541],[117.255082,-0.550433],[117.255288,-0.550406],[117.25551,-0.550451],[117.257862,-0.55141],[117.258053,-0.551527],[117.2582,-0.551717],[117.2583,-0.551917],[117.258358,-0.552224],[117.258354,-0.552749],[117.258315,-0.553147],[117.258322,-0.553554],[117.258353,-0.553916],[117.258405,-0.554106],[117.258482,-0.554205],[117.258615,-0.554305],[117.258768,-0.554386],[117.258904,-0.554432],[117.259056,-0.55445],[117.259283,-0.554423],[117.259519,-0.554314],[117.259893,-0.554024],[117.260075,-0.553862],[117.260524,-0.55321],[117.260963,-0.552848],[117.261212,-0.552767],[117.261454,-0.552776],[117.261653,-0.553011],[117.261743,-0.553328],[117.261732,-0.553816],[117.261679,-0.55426],[117.261273,-0.555553],[117.261222,-0.555789],[117.261208,-0.556024],[117.261359,-0.556377],[117.26154,-0.556621],[117.26216,-0.557191],[117.262459,-0.557354],[117.262845,-0.557643],[117.263518,-0.558267],[117.264149,-0.558593],[117.264705,-0.558801],[117.265282,-0.558973],[117.266127,-0.559262],[117.266886,-0.559452],[117.26713,-0.559543],[117.267324,-0.559661],[117.267528,-0.55985],[117.267661,-0.559995],[117.26773,-0.56024],[117.267734,-0.560547],[117.267656,-0.561018],[117.267414,-0.561551],[117.267218,-0.562194],[117.267114,-0.562773],[117.26694,-0.564193],[117.266951,-0.564483],[117.267025,-0.564808],[117.267167,-0.565044],[117.267356,-0.565243],[117.267761,-0.565451],[117.268223,-0.565577],[117.268789,-0.565641],[117.26919,-0.565623],[117.269538,-0.565541],[117.270008,-0.565306],[117.270382,-0.565034],[117.2708,-0.564356],[117.271064,-0.563632],[117.271217,-0.562745],[117.271657,-0.561216],[117.271921,-0.56071],[117.272404,-0.560619],[117.273094,-0.561087],[117.273217,-0.561171],[117.273647,-0.561542],[117.273964,-0.561949],[117.27425,-0.564473],[117.274623,-0.565351],[117.274975,-0.566066],[117.275436,-0.566771],[117.277414,-0.566509],[117.278842,-0.566111],[117.280138,-0.566174],[117.27988,-0.563903],[117.278356,-0.559271],[117.27672,-0.555519],[117.276088,-0.554159],[117.275702,-0.553137],[117.276063,-0.550631],[117.276084,-0.550016],[117.27584,-0.54602],[117.275701,-0.543746],[117.274782,-0.543809],[117.273955,-0.543179],[117.272707,-0.542172],[117.273059,-0.538662],[117.272355,-0.538562],[117.272022,-0.538499],[117.271671,-0.538381],[117.271402,-0.538228],[117.271197,-0.538028],[117.271155,-0.537848],[117.271186,-0.53754],[117.27127,-0.537359],[117.27136,-0.53716],[117.271434,-0.536861],[117.271465,-0.536481],[117.271334,-0.536083],[117.27116,-0.535703],[117.271182,-0.535314],[117.271008,-0.535151],[117.27044,-0.534889],[117.270183,-0.534636],[117.269956,-0.534301],[117.269832,-0.53393],[117.269699,-0.533071],[117.269546,-0.532808],[117.269389,-0.532618],[117.268972,-0.532284],[117.269101,-0.531542],[117.269203,-0.529968],[117.269192,-0.528891],[117.269407,-0.527335],[117.272094,-0.52747],[117.272515,-0.522938],[117.270023,-0.52273],[117.269162,-0.522639],[117.26849,-0.522594],[117.267128,-0.522612],[117.266256,-0.522386],[117.262395,-0.521916],[117.262803,-0.51328],[117.262943,-0.510308],[117.262876,-0.509792],[117.262744,-0.509394],[117.260721,-0.505423],[117.260931,-0.504554],[117.261973,-0.499687],[117.262609,-0.49692],[117.262996,-0.495154],[117.263506,-0.49272],[117.259345,-0.49259],[117.25522,-0.492461],[117.251002,-0.492329],[117.245878,-0.492169],[117.241055,-0.492045],[117.237181,-0.491945],[117.231097,-0.491788],[117.221507,-0.491469],[117.218378,-0.491363]]]}', 3, NULL, NULL, '2022-06-23 02:19:18', 58265);
INSERT INTO `districts` (`id`, `name`, `geometry`, `status`, `deleted_at`, `created_at`, `updated_at`, `jumlah_penduduk`) VALUES
(6, 'Samarinda Ulu', '{\"type\":\"Polygon\",\"coordinates\":[[[117.069754,-0.432742],[117.090822,-0.463285],[117.09453,-0.467863],[117.097732,-0.472957],[117.10103,-0.4772],[117.103047,-0.478068],[117.108012,-0.482963],[117.112,-0.487948],[117.113958,-0.491033],[117.115204,-0.493801],[117.116044,-0.494226],[117.116392,-0.494272],[117.116739,-0.494109],[117.116985,-0.493892],[117.117752,-0.492987],[117.118737,-0.492326],[117.119091,-0.492001],[117.119707,-0.491132],[117.120054,-0.490535],[117.120416,-0.491051],[117.120792,-0.491232],[117.121371,-0.491422],[117.122095,-0.491395],[117.122255,-0.491422],[117.122428,-0.491919],[117.122891,-0.491793],[117.124267,-0.491793],[117.12515,-0.491458],[117.125729,-0.491367],[117.127147,-0.490788],[117.127368,-0.492724],[117.127709,-0.492779],[117.128047,-0.492752],[117.128719,-0.492516],[117.12918,-0.492408],[117.129523,-0.492353],[117.129806,-0.492399],[117.131144,-0.492778],[117.131229,-0.493097],[117.131652,-0.493564],[117.131498,-0.493829],[117.131435,-0.493978],[117.131341,-0.494109],[117.131095,-0.494358],[117.130974,-0.494534],[117.130557,-0.494994],[117.130412,-0.4951],[117.130139,-0.495323],[117.130095,-0.49546],[117.129883,-0.49555],[117.129635,-0.495593],[117.129406,-0.495599],[117.129042,-0.495679],[117.128951,-0.49573],[117.128924,-0.495823],[117.128935,-0.496002],[117.129021,-0.49615],[117.12919,-0.496276],[117.12958,-0.496317],[117.130296,-0.496603],[117.130208,-0.496928],[117.129909,-0.497232],[117.129825,-0.497491],[117.129889,-0.497922],[117.129735,-0.498324],[117.129526,-0.498605],[117.128805,-0.499682],[117.128015,-0.500184],[117.127462,-0.500483],[117.128361,-0.504676],[117.128981,-0.504251],[117.131413,-0.503834],[117.133544,-0.503834],[117.134935,-0.503914],[117.136379,-0.504024],[117.138509,-0.504079],[117.140698,-0.504449],[117.141389,-0.500251],[117.141581,-0.499908],[117.1419,-0.499419],[117.142155,-0.498496],[117.142155,-0.498361],[117.142066,-0.498116],[117.141906,-0.497981],[117.141874,-0.497492],[117.141823,-0.497402],[117.141555,-0.497221],[117.139786,-0.496244],[117.140131,-0.495357],[117.140246,-0.495085],[117.140323,-0.494841],[117.140323,-0.494651],[117.140386,-0.494497],[117.140489,-0.494271],[117.140479,-0.494136],[117.14068,-0.493647],[117.140693,-0.493439],[117.140744,-0.493158],[117.140957,-0.492398],[117.141918,-0.492697],[117.142408,-0.493213],[117.143364,-0.493728],[117.143427,-0.493801],[117.143561,-0.494018],[117.143719,-0.494235],[117.143893,-0.494344],[117.144056,-0.494425],[117.144746,-0.492833],[117.144973,-0.492018],[117.145538,-0.49029],[117.146033,-0.48972],[117.146139,-0.489657],[117.14653,-0.489775],[117.146969,-0.490082],[117.147794,-0.490643],[117.148377,-0.491014],[117.148815,-0.490363],[117.14876,-0.490236],[117.148942,-0.490091],[117.149021,-0.489955],[117.149336,-0.490127],[117.149476,-0.490227],[117.149572,-0.490263],[117.149922,-0.490164],[117.1503,-0.490118],[117.150813,-0.4901],[117.152231,-0.489937],[117.152106,-0.489575],[117.15198,-0.489078],[117.151776,-0.488571],[117.151631,-0.488092],[117.151586,-0.487766],[117.15165,-0.487223],[117.151669,-0.486626],[117.15164,-0.486083],[117.151563,-0.485658],[117.151524,-0.485314],[117.151456,-0.485043],[117.150873,-0.484391],[117.150766,-0.484084],[117.150708,-0.483577],[117.150708,-0.48308],[117.150786,-0.482718],[117.150854,-0.481903],[117.150901,-0.481523],[117.15086,-0.48137],[117.150805,-0.481234],[117.150696,-0.481071],[117.150562,-0.480944],[117.150411,-0.480872],[117.150232,-0.480809],[117.150083,-0.480745],[117.149921,-0.480736],[117.149779,-0.480772],[117.149553,-0.480899],[117.14929,-0.481162],[117.149164,-0.481288],[117.14896,-0.481388],[117.148689,-0.481433],[117.148358,-0.481415],[117.148268,-0.481261],[117.148232,-0.481044],[117.148339,-0.480791],[117.148727,-0.480203],[117.148873,-0.480003],[117.149077,-0.479343],[117.149313,-0.478945],[117.150484,-0.477154],[117.150951,-0.476538],[117.151203,-0.476113],[117.151456,-0.475507],[117.151756,-0.475046],[117.152193,-0.474693],[117.152824,-0.47443],[117.153329,-0.474123],[117.153689,-0.473661],[117.15496,-0.472277],[117.155727,-0.471743],[117.156533,-0.471417],[117.156912,-0.471182],[117.157165,-0.47092],[117.157291,-0.470685],[117.157514,-0.470495],[117.156805,-0.469861],[117.156611,-0.469644],[117.156426,-0.469156],[117.156252,-0.46854],[117.155999,-0.467518],[117.155727,-0.466306],[117.155737,-0.465953],[117.155786,-0.465437],[117.155892,-0.46484],[117.155009,-0.464596],[117.154882,-0.464587],[117.154514,-0.464469],[117.153387,-0.463917],[117.152242,-0.463465],[117.150504,-0.462633],[117.149418,-0.461999],[117.145011,-0.458489],[117.139862,-0.454092],[117.137094,-0.449406],[117.136677,-0.444014],[117.134844,-0.438594],[117.132711,-0.434876],[117.127837,-0.428063],[117.126317,-0.423721],[117.119537,-0.414176],[117.116411,-0.411896],[117.113177,-0.410919],[117.111791,-0.40866],[117.111492,-0.408748],[117.110622,-0.408938],[117.110082,-0.409128],[117.109645,-0.409399],[117.109235,-0.409698],[117.108571,-0.410385],[117.107406,-0.412014],[117.107127,-0.412557],[117.106967,-0.412973],[117.106891,-0.413317],[117.106806,-0.413344],[117.10635,-0.412665],[117.105565,-0.411598],[117.104999,-0.410874],[117.105084,-0.410634],[117.105048,-0.41053],[117.104906,-0.410394],[117.104687,-0.410286],[117.104248,-0.410512],[117.103921,-0.410548],[117.103921,-0.410548],[117.103549,-0.41082],[117.103253,-0.411145],[117.103372,-0.411643],[117.103342,-0.412104],[117.102778,-0.412611],[117.102607,-0.412747],[117.102267,-0.41291],[117.101968,-0.413],[117.101698,-0.413036],[117.101164,-0.413235],[117.100418,-0.414448],[117.100038,-0.414791],[117.099525,-0.415036],[117.098497,-0.415126],[117.097961,-0.415823],[117.097379,-0.416565],[117.09706,-0.4168],[117.096541,-0.417026],[117.096097,-0.41737],[117.09583,-0.417488],[117.095237,-0.417623],[117.094437,-0.419351],[117.094467,-0.419559],[117.094793,-0.419903],[117.094882,-0.42022],[117.094837,-0.420564],[117.094719,-0.420871],[117.094556,-0.421007],[117.094126,-0.421215],[117.093785,-0.421785],[117.093474,-0.422047],[117.092926,-0.422391],[117.092734,-0.422916],[117.092525,-0.424011],[117.092511,-0.424083],[117.091925,-0.424011],[117.091496,-0.424083],[117.090971,-0.424355],[117.090304,-0.424137],[117.090176,-0.423721],[117.089922,-0.423242],[117.089397,-0.423106],[117.089039,-0.423341],[117.088651,-0.423495],[117.088443,-0.423658],[117.0883,-0.424327],[117.088038,-0.425024],[117.087585,-0.425214],[117.086988,-0.425359],[117.086655,-0.425766],[117.086321,-0.426246],[117.086011,-0.426318],[117.084818,-0.426363],[117.084532,-0.426535],[117.084294,-0.427132],[117.08396,-0.427521],[117.083221,-0.427594],[117.082696,-0.427467],[117.081909,-0.427467],[117.081146,-0.427684],[117.080359,-0.428028],[117.079572,-0.428073],[117.078356,-0.42896],[117.077919,-0.42905],[117.076511,-0.428924],[117.076251,-0.429041],[117.075896,-0.429096],[117.075518,-0.428996],[117.074855,-0.428607],[117.074548,-0.428526],[117.074301,-0.428507],[117.073827,-0.428589],[117.073377,-0.428897],[117.072987,-0.429385],[117.072702,-0.429551],[117.072538,-0.429647],[117.072301,-0.429846],[117.072206,-0.430018],[117.072195,-0.430652],[117.072076,-0.430959],[117.071793,-0.431041],[117.071,-0.431086],[117.070468,-0.431186],[117.070326,-0.431303],[117.069754,-0.432742]]]}', 3, NULL, NULL, '2022-06-23 02:14:07', 138911),
(7, 'Sungai Kunjang', '{\"type\":\"Polygon\",\"coordinates\":[[[117.069754,-0.432742],[117.090822,-0.463285],[117.09453,-0.467863],[117.097732,-0.472957],[117.10103,-0.4772],[117.103047,-0.478068],[117.108012,-0.482963],[117.112,-0.487948],[117.113958,-0.491033],[117.115204,-0.493801],[117.116392,-0.494272],[117.117752,-0.492987],[117.118737,-0.492326],[117.119091,-0.492001],[117.119707,-0.491132],[117.120054,-0.490535],[117.120416,-0.491051],[117.121371,-0.491422],[117.122095,-0.491395],[117.122255,-0.491422],[117.122428,-0.491919],[117.122891,-0.491793],[117.124267,-0.491793],[117.12515,-0.491458],[117.125729,-0.491367],[117.127147,-0.490788],[117.127368,-0.492724],[117.127709,-0.492779],[117.128047,-0.492752],[117.128719,-0.492516],[117.12918,-0.492408],[117.129523,-0.492353],[117.129806,-0.492399],[117.131144,-0.492778],[117.131229,-0.493097],[117.131652,-0.493564],[117.131498,-0.493829],[117.131435,-0.493978],[117.131341,-0.494109],[117.131229,-0.494227],[117.131095,-0.494358],[117.130974,-0.494534],[117.130826,-0.494687],[117.1307,-0.494832],[117.130557,-0.494994],[117.130412,-0.4951],[117.130139,-0.495323],[117.130095,-0.49546],[117.129883,-0.49555],[117.129635,-0.495593],[117.129406,-0.495599],[117.129042,-0.495679],[117.128951,-0.49573],[117.128924,-0.495823],[117.128935,-0.496002],[117.129021,-0.49615],[117.12919,-0.496276],[117.12958,-0.496317],[117.130296,-0.496603],[117.130208,-0.496928],[117.129909,-0.497232],[117.129825,-0.497491],[117.129889,-0.497922],[117.129735,-0.498324],[117.128805,-0.499682],[117.128015,-0.500184],[117.127462,-0.500483],[117.128361,-0.504676],[117.126797,-0.505345],[117.125223,-0.506802],[117.124708,-0.50739],[117.124266,-0.508204],[117.123261,-0.509716],[117.122425,-0.51147],[117.120952,-0.515252],[117.1197,-0.518808],[117.119038,-0.520807],[117.118301,-0.526742],[117.116902,-0.530081],[117.115135,-0.532895],[117.11254,-0.534415],[117.109391,-0.535862],[117.104605,-0.536604],[117.100407,-0.536233],[117.095842,-0.53712],[117.091718,-0.538902],[117.088699,-0.540974],[117.086857,-0.543942],[117.085753,-0.54728],[117.084644,-0.550013],[117.08428,-0.550908],[117.083397,-0.558101],[117.08347,-0.561358],[117.083765,-0.564769],[117.083839,-0.566922],[117.083839,-0.569591],[117.083765,-0.57226],[117.083377,-0.574992],[117.082344,-0.57815],[117.081895,-0.579263],[117.08155,-0.580167],[117.081135,-0.580828],[117.080617,-0.582112],[117.080144,-0.583982],[117.079892,-0.584926],[117.079271,-0.585967],[117.078718,-0.586808],[117.078278,-0.587396],[117.077625,-0.588491],[117.076615,-0.590011],[117.075173,-0.591386],[117.073299,-0.591902],[117.071008,-0.591549],[117.069072,-0.591024],[117.067058,-0.590074],[117.065082,-0.588283],[117.064608,-0.587405],[117.064489,-0.586772],[117.064529,-0.586256],[117.064659,-0.585397],[117.064575,-0.584763],[117.064909,-0.583759],[117.065994,-0.582167],[117.066558,-0.580041],[117.066906,-0.57948],[117.067281,-0.577345],[117.067495,-0.576567],[117.067736,-0.575969],[117.067848,-0.5752],[117.067374,-0.572812],[117.067683,-0.571708],[117.067522,-0.570659],[117.066933,-0.570044],[117.06629,-0.569664],[117.065647,-0.568876],[117.064951,-0.5678],[117.064737,-0.567366],[117.064522,-0.566696],[117.064067,-0.566099],[117.063638,-0.565321],[117.063665,-0.563566],[117.06321,-0.563086],[117.063022,-0.56257],[117.062835,-0.561792],[117.062835,-0.561032],[117.062379,-0.560924],[117.062112,-0.560707],[117.062004,-0.560336],[117.062513,-0.559902],[117.06254,-0.559304],[117.062272,-0.558716],[117.061817,-0.558445],[117.061196,-0.558391],[117.060487,-0.558517],[117.059819,-0.558608],[117.058944,-0.558101],[117.058956,-0.557432],[117.058693,-0.556464],[117.057984,-0.555704],[117.057525,-0.554907],[117.057692,-0.553858],[117.058295,-0.552881],[117.058795,-0.552501],[117.05913,-0.551922],[117.059192,-0.551542],[117.058754,-0.549371],[117.05871,-0.548231],[117.058484,-0.547434],[117.058174,-0.546611],[117.057563,-0.54529],[117.057172,-0.544494],[117.056911,-0.543318],[117.056862,-0.542486],[117.057023,-0.541861],[117.057264,-0.541083],[117.057398,-0.54035],[117.05721,-0.539491],[117.056648,-0.538821],[117.056621,-0.538143],[117.05671,-0.537546],[117.056614,-0.537356],[117.056566,-0.537093],[117.05678,-0.537021],[117.056902,-0.536777],[117.057189,-0.536442],[117.057189,-0.536026],[117.056998,-0.535664],[117.05671,-0.53523],[117.056686,-0.534895],[117.056926,-0.534632],[117.056806,-0.534316],[117.056758,-0.533809],[117.057021,-0.533185],[117.057628,-0.532687],[117.05798,-0.532334],[117.058268,-0.531828],[117.058387,-0.531086],[117.058363,-0.530163],[117.058076,-0.529077],[117.057668,-0.527947],[117.057405,-0.527006],[117.057165,-0.526354],[117.056902,-0.526019],[117.056542,-0.525802],[117.056208,-0.525703],[117.055976,-0.525639],[117.05544,-0.525395],[117.054896,-0.524997],[117.054433,-0.5244],[117.054266,-0.524065],[117.054194,-0.523531],[117.054697,-0.522473],[117.05508,-0.521794],[117.05532,-0.520853],[117.055392,-0.519723],[117.055703,-0.518637],[117.056111,-0.517985],[117.05647,-0.517868],[117.055607,-0.517262],[117.055032,-0.516683],[117.054817,-0.516221],[117.054634,-0.515045],[117.054625,-0.514367],[117.055032,-0.513498],[117.055268,-0.513227],[117.054843,-0.513028],[117.052993,-0.512114],[117.052093,-0.514258],[117.051282,-0.515335],[117.050452,-0.516122],[117.049183,-0.517108],[117.048255,-0.517452],[117.047719,-0.517497],[117.047718,-0.51652],[117.048037,-0.514837],[117.048094,-0.514104],[117.048169,-0.512322],[117.048319,-0.511291],[117.048719,-0.510359],[117.049244,-0.509472],[117.049944,-0.508775],[117.05071,-0.508061],[117.05142,-0.507563],[117.052393,-0.507373],[117.052483,-0.507283],[117.052647,-0.507038],[117.052826,-0.506866],[117.053035,-0.506875],[117.053154,-0.506685],[117.053452,-0.50664],[117.053571,-0.506423],[117.05375,-0.506188],[117.054123,-0.506486],[117.054496,-0.506785],[117.054824,-0.506866],[117.055167,-0.506803],[117.055569,-0.50607],[117.055629,-0.505754],[117.055633,-0.505527],[117.055763,-0.505392],[117.055718,-0.505256],[117.055639,-0.505229],[117.055642,-0.505039],[117.055461,-0.504559],[117.055356,-0.503881],[117.055509,-0.503582],[117.055594,-0.50332],[117.055957,-0.502985],[117.05631,-0.502967],[117.056558,-0.503039],[117.056892,-0.503311],[117.05716,-0.503401],[117.057522,-0.503446],[117.057837,-0.503329],[117.058114,-0.502759],[117.058113,-0.5017],[117.05837,-0.501076],[117.058651,-0.50094],[117.059115,-0.499746],[117.059072,-0.499248],[117.058974,-0.498688],[117.058923,-0.498308],[117.058751,-0.496417],[117.058703,-0.49553],[117.058849,-0.494942],[117.058898,-0.494254],[117.059483,-0.493024],[117.059874,-0.492382],[117.060313,-0.491748],[117.060655,-0.490862],[117.060558,-0.490074],[117.06046,-0.489432],[117.060167,-0.488555],[117.060118,-0.487324],[117.060118,-0.486338],[117.060167,-0.485261],[117.060167,-0.484574],[117.060069,-0.483886],[117.060069,-0.483244],[117.059923,-0.482502],[117.059874,-0.481769],[117.059874,-0.481181],[117.060069,-0.480683],[117.060888,-0.47986],[117.061845,-0.479154],[117.062187,-0.478738],[117.062494,-0.478195],[117.062699,-0.477969],[117.062887,-0.477861],[117.063161,-0.477363],[117.063503,-0.476386],[117.063331,-0.475563],[117.063485,-0.475065],[117.063673,-0.474821],[117.064271,-0.474115],[117.064271,-0.473807],[117.063913,-0.473029],[117.063605,-0.472459],[117.063263,-0.471672],[117.063212,-0.471292],[117.063246,-0.470867],[117.063212,-0.470605],[117.062836,-0.469863],[117.062768,-0.46913],[117.062648,-0.468795],[117.062426,-0.468424],[117.061965,-0.468008],[117.061759,-0.467248],[117.061589,-0.466922],[117.061452,-0.466117],[117.06123,-0.465656],[117.06111,-0.46524],[117.061162,-0.46476],[117.061281,-0.464263],[117.061179,-0.463729],[117.060939,-0.463385],[117.060546,-0.463141],[117.060273,-0.463123],[117.059555,-0.463349],[117.05935,-0.46324],[117.059231,-0.463104],[117.059094,-0.462173],[117.059368,-0.461214],[117.060205,-0.460607],[117.060563,-0.460255],[117.060632,-0.460028],[117.060563,-0.459359],[117.060615,-0.459015],[117.060957,-0.458481],[117.060957,-0.458029],[117.060854,-0.457323],[117.060768,-0.456446],[117.060649,-0.456102],[117.060563,-0.455776],[117.060512,-0.455487],[117.060444,-0.45526],[117.060615,-0.45507],[117.060905,-0.454935],[117.061554,-0.454935],[117.062101,-0.45469],[117.062528,-0.454537],[117.062836,-0.454296],[117.062921,-0.454229],[117.063143,-0.454075],[117.063195,-0.45394],[117.063297,-0.453849],[117.063325,-0.45365],[117.063159,-0.453098],[117.062804,-0.452402],[117.062568,-0.452148],[117.062497,-0.451605],[117.06226,-0.451099],[117.062142,-0.450755],[117.062568,-0.450031],[117.062603,-0.449868],[117.06252,-0.449687],[117.062083,-0.44909],[117.062235,-0.44833],[117.062449,-0.448023],[117.062855,-0.447643],[117.063183,-0.447272],[117.063212,-0.446874],[117.063372,-0.446539],[117.063845,-0.446304],[117.064152,-0.446041],[117.064212,-0.445842],[117.064188,-0.445046],[117.064129,-0.444386],[117.064176,-0.444168],[117.064744,-0.443617],[117.065075,-0.442802],[117.064886,-0.441771],[117.065241,-0.441138],[117.065394,-0.44073],[117.065324,-0.440396],[117.065607,-0.439907],[117.066281,-0.438957],[117.066337,-0.438754],[117.066636,-0.437302],[117.068517,-0.435049],[117.06886,-0.433918],[117.069274,-0.433628],[117.069754,-0.432742]]]}', 2, NULL, NULL, '2022-06-23 02:20:33', 136136),
(8, 'Sungai Pinang', '{\"type\":\"Polygon\",\"coordinates\":[[[117.230135,-0.491763],[117.192969,-0.490678],[117.187599,-0.490389],[117.181682,-0.490009],[117.178328,-0.490009],[117.177865,-0.490009],[117.173115,-0.489729],[117.169963,-0.489819],[117.164166,-0.490558],[117.162498,-0.489473],[117.162535,-0.489439],[117.162458,-0.489304],[117.162442,-0.489195],[117.162415,-0.489023],[117.162167,-0.487938],[117.161849,-0.486182],[117.161457,-0.485223],[117.160869,-0.484129],[117.160168,-0.482953],[117.160146,-0.482916],[117.159239,-0.482012],[117.159142,-0.481947],[117.154719,-0.488674],[117.154331,-0.489025],[117.15395,-0.489441],[117.153782,-0.489691],[117.153367,-0.489383],[117.153344,-0.490093],[117.153319,-0.490201],[117.15325,-0.490333],[117.153114,-0.490548],[117.15288,-0.490962],[117.152658,-0.491254],[117.152461,-0.491159],[117.152264,-0.490715],[117.152231,-0.489937],[117.152106,-0.489575],[117.15198,-0.489078],[117.151776,-0.488571],[117.151631,-0.488092],[117.151586,-0.487766],[117.15165,-0.487223],[117.151669,-0.486626],[117.15164,-0.486083],[117.151563,-0.485658],[117.151524,-0.485314],[117.151456,-0.485043],[117.151193,-0.484744],[117.150873,-0.484391],[117.150766,-0.484084],[117.150708,-0.483577],[117.150708,-0.48308],[117.150786,-0.482718],[117.150854,-0.481903],[117.150901,-0.481523],[117.150805,-0.481234],[117.150696,-0.481071],[117.150562,-0.480944],[117.150411,-0.480872],[117.150232,-0.480809],[117.150083,-0.480745],[117.149921,-0.480736],[117.149779,-0.480772],[117.149657,-0.480841],[117.149553,-0.480899],[117.14939,-0.481062],[117.14929,-0.481162],[117.149164,-0.481288],[117.14896,-0.481388],[117.148689,-0.481433],[117.148358,-0.481415],[117.148268,-0.481261],[117.148232,-0.481044],[117.148339,-0.480791],[117.148727,-0.480203],[117.148873,-0.480003],[117.149077,-0.479343],[117.149313,-0.478945],[117.150484,-0.477154],[117.150951,-0.476538],[117.151203,-0.476113],[117.151456,-0.475507],[117.151756,-0.475046],[117.152193,-0.474693],[117.152824,-0.47443],[117.153329,-0.474123],[117.153578,-0.473804],[117.153689,-0.473661],[117.1543,-0.472983],[117.15496,-0.472277],[117.155727,-0.471743],[117.156533,-0.471417],[117.156912,-0.471182],[117.157165,-0.47092],[117.157291,-0.470685],[117.157514,-0.470495],[117.157684,-0.470474],[117.157935,-0.470507],[117.15819,-0.470619],[117.15846,-0.470708],[117.158687,-0.470755],[117.158919,-0.470732],[117.159154,-0.470696],[117.159309,-0.470635],[117.159457,-0.470566],[117.159586,-0.470494],[117.159824,-0.470437],[117.160081,-0.470471],[117.160297,-0.470517],[117.16047,-0.470567],[117.160655,-0.470564],[117.160905,-0.470508],[117.161474,-0.470336],[117.161746,-0.470249],[117.162001,-0.470143],[117.162256,-0.470006],[117.162406,-0.469916],[117.16255,-0.469855],[117.162804,-0.469781],[117.163058,-0.46972],[117.1634,-0.469633],[117.163721,-0.469522],[117.163934,-0.469452],[117.164121,-0.469405],[117.164782,-0.469259],[117.165197,-0.469199],[117.165381,-0.469117],[117.165606,-0.46899],[117.165874,-0.468849],[117.166019,-0.468813],[117.166304,-0.468695],[117.166578,-0.468553],[117.166732,-0.468499],[117.166975,-0.468385],[117.167154,-0.468275],[117.167394,-0.468157],[117.167659,-0.468049],[117.167897,-0.467856],[117.168006,-0.467674],[117.168098,-0.467488],[117.168098,-0.467488],[117.168193,-0.467298],[117.168268,-0.467181],[117.168315,-0.467071],[117.168382,-0.466941],[117.169404,-0.465412],[117.169642,-0.465174],[117.16983,-0.465021],[117.170071,-0.464532],[117.17025,-0.464155],[117.170386,-0.463807],[117.170525,-0.463551],[117.170781,-0.463298],[117.17094,-0.463176],[117.171315,-0.462957],[117.171482,-0.462805],[117.171632,-0.462673],[117.171783,-0.462472],[117.171911,-0.462251],[117.172029,-0.462076],[117.172218,-0.46179],[117.172321,-0.461665],[117.172423,-0.461542],[117.172526,-0.461465],[117.172626,-0.461349],[117.172843,-0.461062],[117.173038,-0.460772],[117.173225,-0.460463],[117.173309,-0.460342],[117.173398,-0.460189],[117.173622,-0.459927],[117.173728,-0.457928],[117.173553,-0.455494],[117.173407,-0.454788],[117.172854,-0.454101],[117.171674,-0.452961],[117.171551,-0.452662],[117.171587,-0.452183],[117.171477,-0.451848],[117.171077,-0.451676],[117.170596,-0.451576],[117.170014,-0.451178],[117.169825,-0.450762],[117.169781,-0.450057],[117.169599,-0.449405],[117.169715,-0.448708],[117.169897,-0.447994],[117.170101,-0.446745],[117.17032,-0.446148],[117.170451,-0.445533],[117.170888,-0.442954],[117.170822,-0.441679],[117.171062,-0.440647],[117.170968,-0.440159],[117.1708,-0.439697],[117.170822,-0.438919],[117.170516,-0.438621],[117.170407,-0.438585],[117.171188,-0.437779],[117.17166,-0.437155],[117.172089,-0.43654],[117.172332,-0.436259],[117.17277,-0.436223],[117.174742,-0.436314],[117.175221,-0.436395],[117.17587,-0.436169],[117.177323,-0.435807],[117.178012,-0.435355],[117.178799,-0.435255],[117.180776,-0.436368],[117.181663,-0.437707],[117.182497,-0.439987],[117.183137,-0.441181],[117.184517,-0.442873],[117.185327,-0.445153],[117.185916,-0.446591],[117.186754,-0.44793],[117.187541,-0.449423],[117.188031,-0.45106],[117.188619,-0.452752],[117.189408,-0.453847],[117.189997,-0.455484],[117.190004,-0.456335],[117.190305,-0.456326],[117.190553,-0.456371],[117.191097,-0.456679],[117.191361,-0.456995],[117.191567,-0.457339],[117.192145,-0.458569],[117.192671,-0.45932],[117.19343,-0.45989],[117.194197,-0.460759],[117.195491,-0.46065],[117.195694,-0.460495],[117.19581,-0.460406],[117.196008,-0.460343],[117.196284,-0.460306],[117.196439,-0.460315],[117.196741,-0.460406],[117.197017,-0.46054],[117.197189,-0.460623],[117.197543,-0.460702],[117.197842,-0.460768],[117.198119,-0.46083],[117.198328,-0.460876],[117.198555,-0.460923],[117.198724,-0.460958],[117.199043,-0.460967],[117.199362,-0.461048],[117.199656,-0.461012],[117.199966,-0.461048],[117.200328,-0.461021],[117.201596,-0.462007],[117.202555,-0.462487],[117.203811,-0.462622],[117.204531,-0.462402],[117.204698,-0.462351],[117.205934,-0.462061],[117.207652,-0.461907],[117.207782,-0.461817],[117.207782,-0.461817],[117.208004,-0.461726],[117.208128,-0.461717],[117.20845,-0.46172],[117.208978,-0.461745],[117.209507,-0.461962],[117.210091,-0.462658],[117.210361,-0.462966],[117.211241,-0.463916],[117.212312,-0.464495],[117.213746,-0.464848],[117.214437,-0.465345],[117.216709,-0.466639],[117.218045,-0.466693],[117.219779,-0.46615],[117.220616,-0.465987],[117.221809,-0.466105],[117.222697,-0.467001],[117.223288,-0.467896],[117.223978,-0.468638],[117.225164,-0.469136],[117.22652,-0.470022],[117.226911,-0.471596],[117.226492,-0.472718],[117.225933,-0.473424],[117.225403,-0.473505],[117.2249,-0.473705],[117.224481,-0.474347],[117.224353,-0.475387],[117.224351,-0.476084],[117.224646,-0.476826],[117.225347,-0.478092],[117.225514,-0.479133],[117.225738,-0.479603],[117.226045,-0.480173],[117.226156,-0.480509],[117.226213,-0.48068],[117.226239,-0.481033],[117.226044,-0.481241],[117.226001,-0.481331],[117.226022,-0.481395],[117.226092,-0.481467],[117.226148,-0.481539],[117.226135,-0.481603],[117.226079,-0.481738],[117.225915,-0.48201],[117.225729,-0.482281],[117.225434,-0.482643],[117.2254,-0.482878],[117.225443,-0.482978],[117.22559,-0.483195],[117.225676,-0.483331],[117.225707,-0.483521],[117.225711,-0.483765],[117.225871,-0.483865],[117.226144,-0.483982],[117.226693,-0.484226],[117.226982,-0.48438],[117.227177,-0.484525],[117.227246,-0.484896],[117.227272,-0.485375],[117.227233,-0.485565],[117.227043,-0.48638],[117.227013,-0.486533],[117.226996,-0.486859],[117.226832,-0.487565],[117.227031,-0.487872],[117.227784,-0.488497],[117.228214,-0.488732],[117.228514,-0.488759],[117.228731,-0.488786],[117.228893,-0.488804],[117.228994,-0.488849],[117.229152,-0.488976],[117.229244,-0.488985],[117.229461,-0.488967],[117.229706,-0.48894],[117.229835,-0.488931],[117.22997,-0.488976],[117.230109,-0.489049],[117.230227,-0.489112],[117.230373,-0.489202],[117.230505,-0.489284],[117.230598,-0.489374],[117.230617,-0.489483],[117.23063,-0.489691],[117.230667,-0.489836],[117.230672,-0.490026],[117.230658,-0.490225],[117.230637,-0.490372],[117.230612,-0.490541],[117.230557,-0.490722],[117.230468,-0.49084],[117.230407,-0.49094],[117.230348,-0.491039],[117.23028,-0.491164],[117.230215,-0.491283],[117.230131,-0.491473],[117.230135,-0.491763]]]}', 1, NULL, NULL, '2022-06-23 02:21:42', 110765),
(9, 'Samarinda Seberang', '{\"type\":\"Polygon\",\"coordinates\":[[[117.11254,-0.534415],[117.114323,-0.538857],[117.114226,-0.539644],[117.11423,-0.540015],[117.114509,-0.540766],[117.114619,-0.542168],[117.114447,-0.542729],[117.114556,-0.543371],[117.11465,-0.543462],[117.114852,-0.543543],[117.115116,-0.543543],[117.115925,-0.543326],[117.116159,-0.543652],[117.116153,-0.543797],[117.116454,-0.544421],[117.116495,-0.544665],[117.116703,-0.545154],[117.116843,-0.54566],[117.117327,-0.54699],[117.119498,-0.544186],[117.121937,-0.541327],[117.124775,-0.537626],[117.127454,-0.535174],[117.129346,-0.53283],[117.130151,-0.531807],[117.130767,-0.530993],[117.131652,-0.529701],[117.132331,-0.527927],[117.132771,-0.526398],[117.133597,-0.523065],[117.133861,-0.52198],[117.139814,-0.519875],[117.14103,-0.518924],[117.141106,-0.518797],[117.141225,-0.518505],[117.142889,-0.516558],[117.142971,-0.51664],[117.143872,-0.518211],[117.144149,-0.51867],[117.145478,-0.520566],[117.145859,-0.52032],[117.145937,-0.52411],[117.144902,-0.525591],[117.14509,-0.525821],[117.144768,-0.526475],[117.144955,-0.526876],[117.145194,-0.527016],[117.146631,-0.528054],[117.146393,-0.541055],[117.157881,-0.531935],[117.155495,-0.529211],[117.153885,-0.525828],[117.154017,-0.522146],[117.155268,-0.518138],[117.155563,-0.514283],[117.154163,-0.511244],[117.152544,-0.509841],[117.150261,-0.508358],[117.149746,-0.508204],[117.14761,-0.507317],[117.146272,-0.506521],[117.142739,-0.504884],[117.14194,-0.504667],[117.138509,-0.504079],[117.136379,-0.504024],[117.133544,-0.503834],[117.131413,-0.503834],[117.131394,-0.503816],[117.128981,-0.504251],[117.128361,-0.504676],[117.126797,-0.505345],[117.125223,-0.506802],[117.124708,-0.50739],[117.124266,-0.508204],[117.123309,-0.509616],[117.122425,-0.51147],[117.120952,-0.515252],[117.1197,-0.518808],[117.119038,-0.520807],[117.118301,-0.526742],[117.116902,-0.530081],[117.115135,-0.532895],[117.11254,-0.534415]]]}', 2, NULL, NULL, '2022-06-23 02:10:49', 66934),
(10, 'Loa Janan Ilir', '{\"type\":\"Polygon\",\"coordinates\":[[[117.146393,-0.541055],[117.143058,-0.544239],[117.139692,-0.548066],[117.137936,-0.550129],[117.135156,-0.553079],[117.133693,-0.554553],[117.133305,-0.555006],[117.131059,-0.557648],[117.117305,-0.571789],[117.115403,-0.573255],[117.112476,-0.575905],[117.111046,-0.578267],[117.110456,-0.579651],[117.110981,-0.583749],[117.110784,-0.584537],[117.115877,-0.599311],[117.116197,-0.60141],[117.115877,-0.603662],[117.115375,-0.603228],[117.11504,-0.602975],[117.113512,-0.602251],[117.113219,-0.601681],[117.112936,-0.601292],[117.112473,-0.600247],[117.112427,-0.600143],[117.112078,-0.599519],[117.11165,-0.599067],[117.111368,-0.598886],[117.110671,-0.598822],[117.110215,-0.598831],[117.109586,-0.599094],[117.108902,-0.59932],[117.108192,-0.599383],[117.107602,-0.599673],[117.107308,-0.599872],[117.106986,-0.599953],[117.106316,-0.600008],[117.105753,-0.599383],[117.105108,-0.59904],[117.104146,-0.598053],[117.103294,-0.59742],[117.102741,-0.596895],[117.101678,-0.596244],[117.10127,-0.595891],[117.100964,-0.595674],[117.100847,-0.595466],[117.100622,-0.595194],[117.100308,-0.595032],[117.100076,-0.594995],[117.099864,-0.594914],[117.099558,-0.594842],[117.098466,-0.594109],[117.098,-0.593883],[117.097702,-0.593819],[117.097301,-0.593629],[117.096951,-0.593521],[117.096689,-0.593331],[117.096128,-0.592679],[117.09599,-0.592562],[117.095837,-0.592372],[117.095721,-0.592155],[117.095517,-0.591675],[117.095305,-0.591412],[117.095222,-0.591386],[117.09488,-0.591137],[117.094667,-0.591048],[117.094425,-0.590911],[117.09423,-0.590744],[117.094153,-0.590536],[117.094005,-0.590346],[117.093834,-0.590191],[117.093686,-0.590132],[117.093574,-0.589989],[117.09361,-0.589829],[117.093592,-0.589698],[117.093468,-0.589698],[117.093356,-0.589834],[117.093167,-0.589852],[117.09306,-0.589686],[117.093084,-0.589543],[117.093273,-0.589472],[117.093326,-0.589412],[117.093267,-0.589341],[117.093208,-0.589085],[117.093249,-0.58896],[117.093297,-0.588883],[117.093421,-0.588865],[117.093486,-0.588788],[117.093486,-0.588675],[117.093415,-0.588604],[117.093261,-0.588562],[117.093196,-0.588431],[117.093196,-0.588259],[117.093208,-0.58814],[117.093302,-0.588057],[117.093403,-0.58808],[117.093562,-0.588187],[117.093675,-0.588193],[117.093769,-0.58817],[117.093864,-0.58808],[117.093787,-0.587944],[117.093409,-0.587676],[117.093202,-0.587605],[117.093061,-0.587532],[117.093061,-0.587461],[117.093088,-0.58739],[117.093138,-0.587307],[117.093226,-0.587233],[117.093311,-0.587168],[117.093405,-0.58713],[117.093497,-0.587112],[117.093567,-0.587032],[117.093673,-0.586854],[117.093785,-0.586653],[117.093882,-0.586549],[117.094002,-0.586487],[117.094061,-0.586434],[117.094117,-0.586345],[117.094185,-0.586274],[117.094223,-0.586164],[117.094167,-0.586102],[117.094026,-0.586058],[117.094,-0.585963],[117.094058,-0.585886],[117.094305,-0.585853],[117.094435,-0.5858],[117.094505,-0.585711],[117.094532,-0.585584],[117.094514,-0.585403],[117.094514,-0.585294],[117.094541,-0.585196],[117.094579,-0.585178],[117.094641,-0.585205],[117.0947,-0.585285],[117.094779,-0.585329],[117.094873,-0.585356],[117.094976,-0.585353],[117.095035,-0.58532],[117.095061,-0.585226],[117.095126,-0.585161],[117.095235,-0.585119],[117.095297,-0.58506],[117.095323,-0.584888],[117.095382,-0.584782],[117.095461,-0.58469],[117.095591,-0.58458],[117.095685,-0.584503],[117.095717,-0.584444],[117.095688,-0.584293],[117.095735,-0.584201],[117.095797,-0.584157],[117.095826,-0.584095],[117.095785,-0.584053],[117.095705,-0.584056],[117.095594,-0.584109],[117.095479,-0.584145],[117.095332,-0.584148],[117.095223,-0.584095],[117.095194,-0.584032],[117.095138,-0.583991],[117.095032,-0.583991],[117.094952,-0.583952],[117.094961,-0.58387],[117.095029,-0.583816],[117.095182,-0.583713],[117.095311,-0.583615],[117.095367,-0.583553],[117.095367,-0.583346],[117.095458,-0.583129],[117.095499,-0.58307],[117.095485,-0.582978],[117.095402,-0.582922],[117.095294,-0.582866],[117.095179,-0.582839],[117.095058,-0.582836],[117.094994,-0.582774],[117.094891,-0.582718],[117.094788,-0.582614],[117.094699,-0.582496],[117.094694,-0.58238],[117.094752,-0.582306],[117.094811,-0.582265],[117.094767,-0.582185],[117.094682,-0.582111],[117.094602,-0.582025],[117.094623,-0.581933],[117.094664,-0.581904],[117.094782,-0.581874],[117.094917,-0.581874],[117.094967,-0.581809],[117.094955,-0.581667],[117.094876,-0.581492],[117.094788,-0.581412],[117.094708,-0.581264],[117.094617,-0.581116],[117.094573,-0.580965],[117.094567,-0.580829],[117.094591,-0.580716],[117.094658,-0.580619],[117.094717,-0.58055],[117.094717,-0.580462],[117.094667,-0.580385],[117.094561,-0.580275],[117.094438,-0.580183],[117.094382,-0.58008],[117.09437,-0.579943],[117.094333,-0.579821],[117.094247,-0.579735],[117.093928,-0.579445],[117.093878,-0.579318],[117.093889,-0.579198],[117.093892,-0.579047],[117.093861,-0.578999],[117.093604,-0.578999],[117.093475,-0.578996],[117.093339,-0.578977],[117.093256,-0.578946],[117.093215,-0.578879],[117.093187,-0.578771],[117.093153,-0.57867],[117.09306,-0.578651],[117.092972,-0.578672],[117.092929,-0.578747],[117.09287,-0.578847],[117.092815,-0.578948],[117.092732,-0.579018],[117.092658,-0.579018],[117.092634,-0.578982],[117.092613,-0.578883],[117.092598,-0.578749],[117.09257,-0.578617],[117.09256,-0.578476],[117.092558,-0.578294],[117.092503,-0.578248],[117.092446,-0.578243],[117.09237,-0.578267],[117.092303,-0.578322],[117.092284,-0.578425],[117.092284,-0.578517],[117.092241,-0.578557],[117.092169,-0.57856],[117.092067,-0.578533],[117.092019,-0.578476],[117.091988,-0.578399],[117.091986,-0.578282],[117.091981,-0.578142],[117.091941,-0.57802],[117.091843,-0.577972],[117.091741,-0.577979],[117.091679,-0.578071],[117.091622,-0.5782],[117.091545,-0.578246],[117.091455,-0.578214],[117.091367,-0.578133],[117.091176,-0.577982],[117.091064,-0.577783],[117.090821,-0.577699],[117.090702,-0.577615],[117.090657,-0.577485],[117.090678,-0.57738],[117.090747,-0.577315],[117.090888,-0.577303],[117.091035,-0.577325],[117.091174,-0.577301],[117.091257,-0.577241],[117.09124,-0.577126],[117.09115,-0.577039],[117.091033,-0.57696],[117.090909,-0.576915],[117.090804,-0.576924],[117.090652,-0.576979],[117.090519,-0.576943],[117.090461,-0.576838],[117.090345,-0.57678],[117.090209,-0.576795],[117.090087,-0.576864],[117.089942,-0.57703],[117.089742,-0.577166],[117.08952,-0.577262],[117.089366,-0.577294],[117.089168,-0.577274],[117.088968,-0.577248],[117.088822,-0.577236],[117.088689,-0.577255],[117.088641,-0.577334],[117.088615,-0.577461],[117.088534,-0.577555],[117.088422,-0.577574],[117.088294,-0.577524],[117.088103,-0.577332],[117.087939,-0.577241],[117.087703,-0.577166],[117.086883,-0.577077],[117.086612,-0.577047],[117.086242,-0.577049],[117.085944,-0.576963],[117.085516,-0.576802],[117.083055,-0.575965],[117.083377,-0.574992],[117.083765,-0.57226],[117.083839,-0.569591],[117.083839,-0.566922],[117.083765,-0.564769],[117.08347,-0.561358],[117.083397,-0.558101],[117.08428,-0.550908],[117.085534,-0.54782],[117.085753,-0.54728],[117.086857,-0.543942],[117.088699,-0.540974],[117.091718,-0.538902],[117.095842,-0.53712],[117.100407,-0.536233],[117.104605,-0.536604],[117.109391,-0.535862],[117.11254,-0.534415],[117.114323,-0.538857],[117.114226,-0.539644],[117.11423,-0.540015],[117.114509,-0.540766],[117.114619,-0.542168],[117.114447,-0.542729],[117.114556,-0.543371],[117.11465,-0.543462],[117.114852,-0.543543],[117.115116,-0.543543],[117.115925,-0.543326],[117.116159,-0.543652],[117.116153,-0.543797],[117.116454,-0.544421],[117.116495,-0.544665],[117.116703,-0.545154],[117.116843,-0.54566],[117.117327,-0.54699],[117.119498,-0.544186],[117.121937,-0.541327],[117.124775,-0.537626],[117.127454,-0.535174],[117.129733,-0.532351],[117.130692,-0.531103],[117.131652,-0.529701],[117.132331,-0.527927],[117.132771,-0.526398],[117.133861,-0.52198],[117.139814,-0.519875],[117.14103,-0.518924],[117.141106,-0.518797],[117.141225,-0.518505],[117.142889,-0.516558],[117.142971,-0.51664],[117.144149,-0.51867],[117.145478,-0.520566],[117.145859,-0.52032],[117.145937,-0.52411],[117.144902,-0.525591],[117.14509,-0.525821],[117.144768,-0.526475],[117.144955,-0.526876],[117.146631,-0.528054],[117.146393,-0.541055]]]}', 3, NULL, NULL, '2022-06-23 02:08:23', 67702);

-- --------------------------------------------------------

--
-- Table structure for table `migrations`
--

CREATE TABLE `migrations` (
  `id` int(10) UNSIGNED NOT NULL,
  `migration` varchar(255) COLLATE utf8mb4_unicode_ci NOT NULL,
  `batch` int(11) NOT NULL
) ENGINE=InnoDB DEFAULT CHARSET=utf8mb4 COLLATE=utf8mb4_unicode_ci;

-- --------------------------------------------------------

--
-- Table structure for table `pages`
--

CREATE TABLE `pages` (
  `id` bigint(20) UNSIGNED NOT NULL,
  `name` varchar(255) COLLATE utf8mb4_unicode_ci NOT NULL,
  `slug` varchar(255) COLLATE utf8mb4_unicode_ci NOT NULL,
  `content` text COLLATE utf8mb4_unicode_ci NOT NULL,
  `deleted_at` timestamp NULL DEFAULT NULL,
  `created_at` timestamp NULL DEFAULT NULL,
  `updated_at` timestamp NULL DEFAULT NULL
) ENGINE=InnoDB DEFAULT CHARSET=utf8mb4 COLLATE=utf8mb4_unicode_ci;

--
-- Dumping data for table `pages`
--

INSERT INTO `pages` (`id`, `name`, `slug`, `content`, `deleted_at`, `created_at`, `updated_at`) VALUES
(1, 'Halaman 1', 'halaman-1', '<p>Muntaber</p>', NULL, '2022-06-23 03:28:03', '2022-06-23 03:28:03'),
(2, 'Halaman 2', 'halaman-2', '<p>hasil</p>', NULL, '2022-06-23 22:34:32', '2022-06-23 22:34:32');

-- --------------------------------------------------------

--
-- Table structure for table `patients`
--

CREATE TABLE `patients` (
  `id` bigint(20) UNSIGNED NOT NULL,
  `name` varchar(255) COLLATE utf8mb4_unicode_ci NOT NULL,
  `address` text COLLATE utf8mb4_unicode_ci NOT NULL,
  `phone` varchar(20) COLLATE utf8mb4_unicode_ci NOT NULL,
  `lat` decimal(10,7) NOT NULL,
  `lng` decimal(10,7) NOT NULL,
  `deleted_at` timestamp NULL DEFAULT NULL,
  `created_at` timestamp NULL DEFAULT NULL,
  `updated_at` timestamp NULL DEFAULT NULL,
  `districts_id` bigint(20) UNSIGNED DEFAULT NULL
) ENGINE=InnoDB DEFAULT CHARSET=utf8mb4 COLLATE=utf8mb4_unicode_ci;

-- --------------------------------------------------------

--
-- Table structure for table `users`
--

CREATE TABLE `users` (
  `id` bigint(20) UNSIGNED NOT NULL,
  `name` varchar(255) COLLATE utf8mb4_unicode_ci NOT NULL,
  `email` varchar(255) COLLATE utf8mb4_unicode_ci NOT NULL,
  `username` varchar(255) COLLATE utf8mb4_unicode_ci NOT NULL,
  `password` varchar(255) COLLATE utf8mb4_unicode_ci NOT NULL,
  `deleted_at` timestamp NULL DEFAULT NULL,
  `created_at` timestamp NULL DEFAULT NULL,
  `updated_at` timestamp NULL DEFAULT NULL
) ENGINE=InnoDB DEFAULT CHARSET=utf8mb4 COLLATE=utf8mb4_unicode_ci;

--
-- Dumping data for table `users`
--

INSERT INTO `users` (`id`, `name`, `email`, `username`, `password`, `deleted_at`, `created_at`, `updated_at`) VALUES
(1, 'Admin', 'admin@email.com', 'admin', '$2y$10$eo91ylRyDCl7n8W0SMr0Nu21NJHlQudb90bn2iT2yLgOKkSphBj2W', NULL, NULL, NULL),
(2, 'admin2', 'admin2@gmail.com', 'admin2', '$2y$10$SSCb02JWnfe6Yok99WesI.4I.PjdpGQn3FUTwJH2RCD1YSu661n72', NULL, '2022-07-02 04:14:26', '2022-07-02 04:17:23'),
(3, 'admin3', 'admin3@gmail.com', 'admin3', '$2y$10$H29XQoxv8YJnrSz.VU9yfunQOzTQCTzWvfHQRRIdgHVktBEZQjiZC', NULL, '2022-07-05 21:31:00', '2022-07-05 21:31:00');

--
-- Indexes for dumped tables
--

--
-- Indexes for table `blogs`
--
ALTER TABLE `blogs`
  ADD PRIMARY KEY (`id`);

--
-- Indexes for table `cases`
--
ALTER TABLE `cases`
  ADD PRIMARY KEY (`id`),
  ADD KEY `fk_cases_clinics1_idx` (`clinics_id`);

--
-- Indexes for table `categories`
--
ALTER TABLE `categories`
  ADD PRIMARY KEY (`id`);

--
-- Indexes for table `clinics`
--
ALTER TABLE `clinics`
  ADD PRIMARY KEY (`id`),
  ADD KEY `fk_clinics_districts1_idx` (`districts_id`);

--
-- Indexes for table `districts`
--
ALTER TABLE `districts`
  ADD PRIMARY KEY (`id`);

--
-- Indexes for table `migrations`
--
ALTER TABLE `migrations`
  ADD PRIMARY KEY (`id`);

--
-- Indexes for table `pages`
--
ALTER TABLE `pages`
  ADD PRIMARY KEY (`id`);

--
-- Indexes for table `patients`
--
ALTER TABLE `patients`
  ADD PRIMARY KEY (`id`),
  ADD KEY `fk_patients_districts1_idx` (`districts_id`);

--
-- Indexes for table `users`
--
ALTER TABLE `users`
  ADD PRIMARY KEY (`id`);

--
-- AUTO_INCREMENT for dumped tables
--

--
-- AUTO_INCREMENT for table `blogs`
--
ALTER TABLE `blogs`
  MODIFY `id` bigint(20) UNSIGNED NOT NULL AUTO_INCREMENT, AUTO_INCREMENT=8;

--
-- AUTO_INCREMENT for table `cases`
--
ALTER TABLE `cases`
  MODIFY `id` bigint(20) UNSIGNED NOT NULL AUTO_INCREMENT, AUTO_INCREMENT=12;

--
-- AUTO_INCREMENT for table `pages`
--
ALTER TABLE `pages`
  MODIFY `id` bigint(20) UNSIGNED NOT NULL AUTO_INCREMENT, AUTO_INCREMENT=3;

--
-- AUTO_INCREMENT for table `users`
--
ALTER TABLE `users`
  MODIFY `id` bigint(20) UNSIGNED NOT NULL AUTO_INCREMENT, AUTO_INCREMENT=4;

--
-- Constraints for dumped tables
--

--
-- Constraints for table `blogs`
--
ALTER TABLE `blogs`
  ADD CONSTRAINT `fk_blogs_categories` FOREIGN KEY (`categories_id`) REFERENCES `categories` (`id`) ON DELETE NO ACTION ON UPDATE NO ACTION;

--
-- Constraints for table `cases`
--
ALTER TABLE `cases`
  ADD CONSTRAINT `fk_cases_clinics1` FOREIGN KEY (`clinics_id`) REFERENCES `clinics` (`id`) ON DELETE NO ACTION ON UPDATE NO ACTION;

--
-- Constraints for table `clinics`
--
ALTER TABLE `clinics`
  ADD CONSTRAINT `fk_clinics_districts1` FOREIGN KEY (`districts_id`) REFERENCES `districts` (`id`) ON DELETE NO ACTION ON UPDATE NO ACTION;

--
-- Constraints for table `patients`
--
ALTER TABLE `patients`
  ADD CONSTRAINT `fk_patients_districts1` FOREIGN KEY (`districts_id`) REFERENCES `districts` (`id`) ON DELETE NO ACTION ON UPDATE NO ACTION;
COMMIT;

/*!40101 SET CHARACTER_SET_CLIENT=@OLD_CHARACTER_SET_CLIENT */;
/*!40101 SET CHARACTER_SET_RESULTS=@OLD_CHARACTER_SET_RESULTS */;
/*!40101 SET COLLATION_CONNECTION=@OLD_COLLATION_CONNECTION */;
